First Name,Gender,Start Date,Salary,Mgmt,Team
Douglas,Male,8/6/93,,True,Marketing
Thomas,Male,3/31/96,61933,True,
Maria,Female,,130590,False,Finance
Jerry,,3/4/05,138705,True,Finance
Larry,Male,1/24/98,101004,True,IT
Dennis,Male,4/18/87,115163,False,Legal
Ruby,Female,8/17/87,65476,True,Product
,Female,7/20/15,45906,,Finance
Angela,Female,11/22/05,95570,True,Engineering
Frances,Female,8/8/02,139852,True,Business Dev
Louise,Female,8/12/80,63241,True,
Julie,Female,10/26/97,102508,True,Legal
Brandon,Male,12/1/80,112807,True,HR
Gary,Male,1/27/08,109831,False,Sales
Kimberly,Female,1/14/99,41426,True,Finance
Lillian,Female,6/5/16,59414,False,Product
Jeremy,Male,9/21/10,90370,False,HR
Shawn,Male,12/7/86,111737,False,Product
Diana,Female,10/23/81,132940,False,IT
Donna,Female,7/22/10,81014,False,Product
Lois,,4/22/95,64714,True,Legal
Matthew,Male,9/5/95,100612,False,Marketing
Joshua,,3/8/12,90816,True,IT
,Male,6/14/12,125792,,
John,Male,7/1/92,97950,False,IT
,Male,10/8/12,37076,,IT
Craig,Male,2/27/00,37598,True,Marketing
Scott,,7/11/91,122367,False,Legal
Terry,Male,11/27/81,124008,True,IT
Benjamin,Male,1/26/05,79529,True,Legal
Christina,Female,8/6/02,118780,True,Engineering
Joyce,,2/20/05,88657,False,Product
,Male,8/21/98,122340,,
Jean,Female,12/18/93,119082,False,Business Dev
Jerry,Male,1/10/04,95734,False,IT
Theresa,Female,10/10/06,85182,False,Sales
Rachel,Female,2/16/09,142032,False,Business Dev
Linda,Female,10/19/81,57427,True,IT
Stephanie,Female,9/13/86,36844,True,Business Dev
,Male,1/29/16,122173,,IT
Michael,Male,10/10/08,99283,True,Distribution
Christine,,6/28/15,66582,True,Business Dev
Beverly,Female,9/9/98,121918,False,Legal
Marilyn,Female,12/7/80,73524,True,Marketing
Cynthia,Female,11/16/88,145146,True,Product
Roger,Male,4/17/80,88010,True,Sales
Bruce,Male,11/28/09,114796,False,Finance
Kathy,Female,6/22/05,66820,True,IT
Clarence,Male,3/26/96,93581,True,Business Dev
Chris,,1/24/80,113590,False,Sales
Nancy,Female,9/23/00,94976,True,Engineering
,,12/17/11,41126,,Sales
Todd,Male,2/18/90,49339,True,HR
Alan,,3/3/14,40341,True,Finance
Sara,Female,8/15/07,83677,False,Engineering
Karen,Female,11/30/99,102488,True,Product
Carl,Male,5/3/06,130276,True,Finance
Henry,Male,6/26/96,64715,True,HR
Theresa,Female,4/11/10,72670,True,Engineering
Irene,Female,5/7/97,66851,False,Engineering
Paula,,11/23/05,48866,False,Distribution
Denise,Female,11/6/01,106862,False,Business Dev
,Female,6/12/07,58112,,Marketing
Matthew,Male,1/2/13,35203,False,HR
Kathleen,,4/11/90,77834,False,Business Dev
Steve,Male,11/11/09,61310,True,Distribution
Nancy,Female,12/15/12,125250,True,Business Dev
Rachel,Female,8/16/99,51178,True,Finance
Jose,Male,10/30/04,84834,True,Finance
Irene,,7/14/15,100863,True,Finance
Todd,,6/10/03,84692,False,IT
Johnny,Male,11/6/09,118172,True,Sales
Bobby,Male,5/7/07,54043,False,Product
Frances,Female,4/4/99,90582,True,Sales
Thomas,Male,6/4/95,62096,False,Marketing
Bonnie,Female,7/2/91,104897,True,HR
Margaret,Female,9/10/88,131604,True,Distribution
Charles,Male,9/14/04,107391,True,Marketing
Robin,Female,6/4/83,114797,True,Sales
Bonnie,Female,11/13/88,115814,False,Product
Gerald,,3/17/95,137126,True,Sales
Christopher,Male,3/30/08,47369,False,Legal
Steven,Male,3/30/80,35095,True,IT
Shawn,Male,9/23/05,148115,True,Finance
Doris,Female,8/20/04,83072,False,Finance
Jeremy,Male,2/1/08,100238,True,IT
Annie,,9/29/07,103495,True,Business Dev
Annie,Female,1/30/93,144887,True,Sales
Donna,Female,11/27/91,64088,True,Legal
Janice,Female,3/12/16,51082,False,Legal
Janice,,8/21/97,91719,True,Legal
James,,1/26/05,128771,False,
Linda,Female,5/25/00,119009,True,Business Dev
Virginia,,5/7/94,111858,True,Legal
Harry,Male,8/26/81,130620,False,Legal
Heather,Female,7/11/98,43026,False,IT
Cynthia,Female,3/21/94,142321,False,Finance
Laura,,7/19/14,140371,True,Marketing
Tina,Female,6/16/16,100705,True,Marketing
Harold,Male,1/2/85,77544,False,Business Dev
Melissa,Female,6/21/05,48109,False,Finance
Aaron,Male,2/17/12,61602,True,Marketing
Jack,Male,1/12/97,103902,False,IT
Phyllis,Female,10/11/96,136984,True,Finance
John,Male,12/23/89,80740,False,Marketing
Kathy,Female,3/9/96,91712,False,Finance
Paul,Male,8/4/93,42146,False,Legal
Steven,Male,4/23/13,68680,False,Legal
Russell,,5/5/88,133980,True,Legal
Christopher,Male,4/22/00,37919,False,
Shirley,Female,6/20/01,147113,False,Legal
Bonnie,Female,12/17/99,42153,True,Business Dev
Willie,Male,11/27/03,64363,False,Marketing
Tina,Female,6/12/09,114767,True,Engineering
Ashley,Female,8/4/02,58698,True,Business Dev
Pamela,Female,7/1/82,54585,False,Product
,Male,6/22/91,76189,,Legal
Steven,Male,3/1/95,109095,False,Finance
Andrea,Female,1/12/12,120204,False,Business Dev
Paul,Male,6/3/08,41054,False,Marketing
Peter,Male,11/17/94,84885,False,Business Dev
Kathleen,,5/9/16,119735,False,Product
Christina,Female,4/13/12,110169,True,Engineering
Helen,Female,11/29/01,73789,True,Product
Marilyn,Female,11/16/83,76078,True,Product
Patricia,Female,9/1/03,49368,False,HR
Michelle,Female,3/30/84,57325,True,HR
William,Male,9/29/02,66521,False,HR
Kenneth,Male,8/25/87,127654,True,IT
Antonio,Male,10/25/88,60866,True,Business Dev
Shirley,Female,5/1/84,41334,True,HR
Rebecca,Female,7/10/92,94231,False,Product
Carlos,Male,1/4/95,146670,False,HR
Lois,Female,12/25/87,106317,True,IT
Carolyn,Female,4/9/11,109260,True,Business Dev
Gloria,Female,6/29/07,134148,True,Legal
Henry,Male,4/24/95,43542,False,Legal
Adam,Male,5/21/11,95327,False,Distribution
Ashley,Female,5/25/06,112238,True,Engineering
,Female,10/3/90,132373,,
Shirley,Female,2/28/81,113850,False,Marketing
Adam,Male,12/24/90,110194,True,Product
Elizabeth,Female,10/9/03,146129,False,Finance
Teresa,,1/28/16,140013,True,Engineering
Nicole,,3/5/82,122717,False,Sales
Jennifer,Female,4/4/09,71715,True,IT
Patricia,Female,11/25/92,95322,False,Product
Philip,Male,7/17/08,89227,False,Legal
Patrick,,7/14/91,124488,True,Sales
,Female,8/17/14,86230,,Distribution
Sean,Male,5/4/96,135490,False,Marketing
Brandon,,11/3/97,121333,False,Business Dev
Ruth,Female,8/19/99,129297,True,IT
Victor,,3/10/11,84546,True,Finance
Rebecca,Female,11/15/80,85730,True,Product
Marie,Female,3/16/03,104058,True,Business Dev
Howard,Male,4/27/92,105062,False,HR
,Female,7/27/05,79536,,Product
Norma,Female,2/28/99,114412,True,Marketing
James,,11/22/83,68501,False,Marketing
Kathy,Female,3/18/00,149563,True,Finance
Marilyn,,8/22/99,103386,False,Distribution
Arthur,Male,4/13/98,89786,True,Legal
Terry,Male,9/3/90,52226,False,IT
Mary,Female,8/13/99,134645,False,Business Dev
,Female,3/23/14,59148,,Legal
,Female,7/9/91,42341,,Sales
Christopher,Male,12/24/11,142178,True,Sales
Peter,,9/3/87,38989,True,Marketing
Michelle,Female,11/4/96,53754,True,Product
Irene,Female,1/29/92,133772,True,Sales
Patrick,Male,8/17/07,143499,True,Engineering
Sara,Female,9/23/91,97058,False,Finance
Lillian,Female,12/21/08,85446,True,Engineering
,,9/18/07,40297,,IT
Willie,Male,2/17/98,146651,True,Engineering
Victor,Male,1/8/03,124486,False,Product
Wayne,Male,4/7/12,102652,True,Distribution
Jane,Female,9/3/97,144474,False,Product
Jessica,Female,10/23/95,68759,True,Finance
Mark,Male,4/12/08,57286,True,Business Dev
Randy,Male,11/14/99,58129,True,Distribution
Lillian,Female,6/19/99,123940,True,Business Dev
Ruth,,5/18/99,98233,True,Distribution
Jerry,Male,12/18/03,140810,True,IT
Sandra,Female,1/19/83,42090,True,Legal
,Female,2/23/05,149654,,Sales
Roger,Male,11/19/04,51430,False,Marketing
Charles,Male,10/14/00,71749,False,Legal
Clarence,Male,5/2/98,85700,False,Sales
Carol,Female,3/19/96,57783,False,Finance
Lois,Female,10/18/13,36946,False,Engineering
Barbara,,5/3/03,99326,True,Legal
Rebecca,Female,2/18/95,109259,True,Legal
Irene,Female,1/30/04,131038,False,Distribution
Ronald,Male,4/30/14,121068,True,Product
Steven,Male,11/10/85,62719,False,IT
Carolyn,Female,11/6/12,69268,False,IT
Maria,Female,12/27/90,36067,True,Product
Jonathan,Male,7/17/09,130581,True,
Gary,Male,8/12/87,89661,False,Finance
Kimberly,Female,7/15/97,36643,False,Marketing
Roger,Male,11/8/82,140558,True,Sales
Diana,Female,1/4/13,103521,True,Business Dev
Willie,Male,6/6/06,55281,True,Marketing
Brandon,Male,3/27/06,115711,True,Finance
Patricia,Female,12/6/12,114079,True,IT
Katherine,Female,11/14/99,57531,False,IT
Jonathan,Male,10/12/87,141069,False,HR
Emily,Female,9/20/07,89434,False,Engineering
Ruth,Female,8/12/86,44639,True,Legal
Linda,Female,6/24/06,110967,True,HR
Lisa,Female,11/2/09,115387,False,IT
Evelyn,Female,5/24/80,81673,True,Engineering
Julie,Female,7/23/89,109588,False,Engineering
Mary,Female,5/30/09,92544,False,IT
Matthew,Male,7/31/13,142373,False,Marketing
Douglas,Male,9/3/99,83341,True,IT
Gregory,,6/15/92,98865,True,Finance
Billy,Male,3/13/95,120444,True,Finance
,Female,6/17/91,71945,,Marketing
Gregory,Male,1/29/00,109564,False,Legal
Jason,Male,10/17/99,78417,False,Finance
Daniel,Male,4/30/10,106947,True,Legal
Sarah,Female,9/14/95,87298,False,Distribution
Harry,Male,10/1/15,64579,True,Sales
Kathy,Female,4/19/95,50905,True,Finance
Todd,Male,4/13/99,59728,True,IT
Bobby,Male,9/23/94,51685,True,Engineering
Jeremy,Male,6/8/00,49542,True,Distribution
George,,2/24/88,38375,False,Legal
Diane,Female,4/18/93,64084,False,Product
Marilyn,Female,4/4/97,147663,False,HR
Kathryn,Female,2/4/04,73935,False,Sales
Irene,Female,2/4/82,40837,True,IT
Norma,Female,2/11/15,94393,True,Engineering
Laura,Female,4/2/06,42087,False,Product
Cheryl,Female,9/23/08,52080,False,Legal
Kevin,Male,3/25/82,35061,False,Legal
Lillian,,5/12/16,64164,False,HR
Phyllis,,4/21/84,94088,False,Distribution
Walter,Male,7/6/83,127813,False,Finance
Robert,Male,10/27/90,38041,True,Engineering
Jimmy,Male,10/7/86,126310,True,Product
Clarence,Male,10/8/96,142561,False,IT
Victor,Male,4/11/91,70817,False,Engineering
Fred,,12/2/84,59937,True,HR
Brenda,,7/27/10,106115,True,Product
Justin,Male,12/6/92,82782,True,Distribution
Betty,Female,6/12/02,104896,True,Business Dev
Randy,,2/6/86,133943,True,Sales
Sharon,,3/1/90,83658,False,Business Dev
Ralph,Male,11/11/04,71896,True,Marketing
,,4/28/03,113732,,Sales
Edward,Male,5/27/85,110485,False,IT
Denise,Female,3/20/09,115118,False,HR
Debra,Female,3/13/98,48696,False,Legal
,Male,11/25/99,42676,,Sales
Michael,Male,1/24/02,43586,False,
Henry,Male,2/6/95,89258,True,HR
Gloria,Female,3/27/07,90730,False,Distribution
Marie,Female,8/6/95,100308,False,Product
Anne,Female,7/16/86,69134,True,Engineering
Sarah,,11/21/85,58295,True,Engineering
Stephanie,Female,3/24/83,50141,True,HR
Roy,Male,9/23/04,101941,False,IT
,Female,8/5/09,115145,,Distribution
,Male,2/4/05,40451,,Distribution
Irene,Female,3/3/82,56526,True,Finance
,Female,8/2/92,145316,,HR
Thomas,Male,4/6/11,103235,True,HR
Frank,,11/20/01,58563,True,Marketing
Fred,Male,2/20/80,74129,False,Product
Nicholas,Male,4/12/94,74669,True,Product
Howard,Male,10/5/82,97490,True,Marketing
Debra,Female,2/22/94,104250,True,Business Dev
Christine,Female,7/3/89,94345,False,Finance
Brenda,,5/29/91,82439,False,Sales
Betty,Female,6/28/05,51613,False,Distribution
Ruby,Female,11/8/00,105946,False,Business Dev
Kevin,Male,7/12/97,46080,False,Business Dev
Arthur,Male,1/1/14,134610,True,HR
Carl,,2/7/14,125104,False,IT
Todd,Male,3/11/09,107281,True,Engineering
Brenda,Female,10/6/05,141521,False,IT
Judy,Female,9/16/97,65931,False,HR
Todd,Male,2/2/84,69989,True,Finance
Lois,Female,11/9/11,147183,True,IT
Walter,,12/21/99,66757,False,Distribution
Jessica,Female,9/27/85,75145,True,Legal
Jeremy,Male,6/14/88,129460,True,
Tammy,Female,11/11/84,132839,True,IT
Anne,Female,3/7/00,44537,True,IT
Jesse,Male,10/25/99,118733,False,Marketing
Virginia,Female,10/20/99,46905,False,Distribution
Jesse,Male,3/2/81,79582,False,Legal
Jeremy,,11/10/96,55394,True,Sales
Daniel,Male,9/15/07,123811,True,HR
Patrick,,8/30/04,137314,True,Marketing
Emily,Female,1/13/88,36711,True,HR
Alan,Male,6/26/88,111786,True,Engineering
James,Male,7/11/15,72257,False,Engineering
Adam,Male,7/5/07,71276,True,HR
Joan,,7/25/80,38712,False,IT
Jeremy,Male,8/12/81,46930,True,Finance
Margaret,Female,2/6/93,125220,False,Marketing
Mark,Male,4/1/84,121477,True,Business Dev
Marilyn,Female,9/26/81,86386,False,Distribution
Cheryl,Female,9/8/09,81308,True,Legal
Benjamin,Male,9/11/84,84810,False,Marketing
Harold,Male,2/20/90,66775,True,Legal
Ernest,,1/18/02,72145,True,Finance
Gerald,Male,4/16/01,121604,True,Sales
Judy,Female,7/1/91,109510,True,Legal
Bobby,Male,3/31/96,112117,False,
Bobby,,9/1/95,108127,False,IT
Marie,Female,10/3/13,123711,False,Product
Kathy,Female,12/18/13,132381,False,Business Dev
Roy,Male,8/6/06,148225,False,Finance
Jacqueline,Female,11/25/81,145988,False,Marketing
,Female,7/8/08,62960,,Sales
Julie,Female,3/23/86,56926,False,Sales
Douglas,Male,1/8/02,41428,False,Product
Linda,Female,12/16/90,115658,True,Sales
Ruby,Female,12/10/88,76707,False,Business Dev
Russell,Male,1/2/05,60388,False,IT
Jeffrey,Male,6/18/97,45150,True,Product
Aaron,Male,1/29/94,58755,True,Marketing
Samuel,Male,12/19/91,76076,True,Finance
,Male,1/27/10,87760,,Engineering
Randy,Male,3/16/14,135119,False,IT
Evelyn,Female,9/3/83,36759,True,Marketing
Fred,Male,2/13/87,121723,True,Product
Shirley,Female,6/8/86,110061,False,IT
Todd,Male,5/23/11,85074,False,IT
Robert,Male,11/18/14,85799,False,Finance
Mark,Male,1/22/07,75150,True,Legal
Earl,Male,1/5/00,91344,True,Sales
Richard,Male,9/27/05,86326,False,Product
Michael,Male,11/22/91,98753,True,HR
Steven,Male,5/12/09,113060,True,Sales
Carlos,Male,9/19/07,77327,True,Finance
Marie,Female,10/20/11,62666,False,Product
Ronald,Male,2/24/09,96633,True,Engineering
Scott,Male,5/12/09,58248,False,Business Dev
Steven,Male,11/21/06,83706,True,HR
James,Male,11/22/98,74086,True,HR
Lori,Female,3/31/88,95389,False,Sales
Philip,Male,8/2/89,129968,False,Finance
Phyllis,Female,11/24/05,140347,False,Sales
Thomas,,8/31/95,41549,False,Sales
Cynthia,Female,12/3/12,74287,False,Sales
,Male,10/9/11,69906,,Engineering
,Male,4/22/97,65078,,Marketing
Elizabeth,Female,11/10/05,106406,True,Legal
Andrea,Female,9/14/03,115913,False,Legal
Judy,Female,2/1/90,38092,False,Distribution
Russell,Male,8/13/14,121160,False,Engineering
Scott,Male,12/17/11,90429,False,Product
Sarah,Female,5/22/94,64207,True,IT
Susan,Female,9/25/04,80688,True,Sales
Margaret,Female,5/5/14,55044,False,Sales
Joshua,Male,11/9/09,72893,False,Distribution
Justin,,4/15/05,96978,False,Finance
Juan,Male,4/16/02,97364,False,Product
Gloria,,7/19/83,140885,False,HR
Jennifer,,1/24/89,58520,True,IT
Edward,Male,8/4/89,66067,True,
Marilyn,Female,12/17/82,147183,False,Business Dev
Mary,Female,10/18/09,87721,False,Product
Linda,Female,7/15/09,144001,False,Business Dev
Larry,Male,8/27/03,91133,False,Sales
Albert,Male,2/1/97,67827,True,Engineering
Kenneth,Male,4/13/99,81839,False,Sales
,Female,12/31/06,81444,,Distribution
Gregory,,7/9/11,137661,True,Sales
Brandon,Male,10/16/15,112548,False,Engineering
Stephen,Male,4/9/87,111249,True,HR
Russell,Male,10/30/94,114334,False,Product
,Female,9/18/02,118906,,Marketing
Pamela,,7/15/01,72979,False,Sales
Scott,Male,8/3/96,64172,True,Engineering
,Female,4/18/96,107024,,
Carlos,Male,7/28/10,50167,False,Product
Jack,Male,12/24/80,106995,False,Product
Debra,Female,1/19/10,70492,False,IT
Phyllis,Female,1/15/95,125881,False,Sales
Robert,Male,10/29/94,123294,False,IT
Gloria,Female,9/19/89,131045,True,Product
Sharon,,10/28/84,97635,True,IT
Barbara,,4/26/01,94493,True,Sales
Marilyn,Female,8/15/89,140502,True,Sales
Ralph,Male,10/27/10,106310,True,IT
Harry,,12/5/96,46240,True,Engineering
Robin,Female,1/8/98,111163,True,Product
Kathy,Female,11/25/01,93753,True,Sales
Rose,Female,7/6/02,63494,True,HR
Clarence,Male,1/13/05,116693,True,Distribution
Doris,Female,7/29/92,85215,True,HR
Kathryn,Female,6/9/88,86439,False,Finance
Billy,,3/16/04,62913,True,Marketing
Norma,Female,4/16/96,38872,True,Business Dev
Richard,,11/28/92,124655,True,Engineering
Craig,Male,2/8/84,113506,False,Marketing
Sarah,,7/20/90,109980,False,Sales
Sharon,Female,3/9/14,91522,False,Finance
Mary,Female,8/22/10,42214,True,Business Dev
Steve,,2/23/02,83159,True,Distribution
Joe,Male,12/5/10,144082,True,IT
Jeremy,Male,5/29/94,47885,True,HR
Ernest,Male,8/14/12,126232,True,Sales
Kevin,Male,6/23/81,134598,False,Business Dev
Jacqueline,Female,2/11/07,66604,False,Legal
Johnny,Male,9/14/92,115194,True,Marketing
Gary,Male,8/18/11,49101,True,Business Dev
Shirley,,11/16/90,67811,False,Finance
,Male,6/29/08,111043,,Distribution
Sarah,,8/31/81,37748,False,HR
Julia,Female,3/2/82,36403,True,Finance
Dorothy,Female,11/5/13,140136,True,Business Dev
Justin,Male,5/22/86,121508,True,Finance
Kevin,Male,11/20/86,79906,True,Sales
Victor,Male,9/24/05,123144,True,Product
Deborah,Female,11/25/80,46953,False,IT
Matthew,,6/9/03,79443,False,HR
Alice,Female,5/2/86,51395,True,Finance
Todd,Male,3/16/16,134408,True,HR
Frank,Male,1/10/81,71853,True,Sales
Christopher,Male,5/13/99,68028,True,Finance
Rose,Female,5/28/15,149903,False,HR
Andrea,Female,10/1/10,79123,False,Distribution
Charles,Male,12/16/99,104014,False,Legal
Jessica,,3/7/15,121160,False,IT
Wanda,Female,7/20/08,65362,True,Legal
Joyce,Female,2/7/95,50701,True,
Billy,Male,12/1/06,144709,True,Distribution
Kathryn,Female,8/29/07,53061,True,Finance
Denise,Female,3/18/01,36697,True,Sales
Jason,Male,11/20/98,69244,True,
Nicholas,Male,3/1/13,101036,True,HR
Aaron,Male,7/22/90,52119,True,IT
Louise,Female,5/13/03,46666,True,Business Dev
Julie,Female,4/23/98,73437,True,Finance
Kathy,Female,5/8/87,86318,True,Sales
,Male,5/24/16,76409,,Distribution
Chris,Male,12/12/06,71642,False,
Cheryl,Female,8/16/94,67150,True,Marketing
Gregory,Male,5/15/09,142208,True,Engineering
Wayne,Male,1/30/92,81183,False,IT
Beverly,Female,11/30/05,107163,True,HR
Willie,Male,8/22/09,55038,False,Legal
Terry,,7/15/16,140002,True,Marketing
Scott,Male,11/17/12,146812,True,Marketing
Annie,Female,12/19/94,40119,True,HR
,Male,2/21/95,136602,,Marketing
Ruth,Female,10/24/00,69579,True,HR
Deborah,,2/3/83,101457,False,Engineering
Patricia,Female,1/9/15,121232,False,Legal
Albert,Male,9/30/07,102626,False,Finance
Charles,,3/1/87,137171,True,Marketing
Tina,Female,1/17/05,88276,False,Legal
Jeremy,Male,8/9/01,43354,False,Marketing
Craig,Male,4/14/96,125556,False,Engineering
Jose,Male,7/11/02,59862,False,Product
Lawrence,Male,5/13/05,74640,False,Marketing
Helen,Female,10/31/97,52875,False,Legal
Walter,Male,8/4/07,58789,False,Sales
Amy,Female,6/19/02,122897,True,Engineering
Janice,Female,6/28/97,136032,True,Marketing
Stephen,Male,5/9/15,141958,True,Legal
Ryan,Male,7/20/93,139917,False,Distribution
Sharon,Female,3/12/02,147635,False,HR
Joshua,Male,7/10/84,68230,False,IT
Clarence,Male,8/20/92,124365,False,Business Dev
Jonathan,Male,8/15/02,104749,False,Engineering
Stephanie,Female,11/26/92,122121,True,Engineering
Kathy,Female,10/25/96,143541,False,HR
Albert,Male,8/14/08,137840,False,Business Dev
Michael,Male,5/22/11,73354,False,Business Dev
Richard,Male,7/4/97,47647,True,
Amy,Female,3/30/08,106249,False,Sales
,Female,4/27/13,93847,,Business Dev
Beverly,,5/3/95,104815,False,Product
,Female,4/26/92,115436,,HR
Joe,Male,4/14/00,50645,False,Marketing
Ashley,Female,8/15/97,142415,True,Finance
Howard,Male,4/9/12,37984,False,Distribution
Cheryl,Female,12/3/14,71751,False,Business Dev
Robert,Male,3/11/07,135882,False,Legal
Sharon,Female,7/1/11,46007,True,IT
Judith,Female,11/23/07,117055,False,Marketing
Nicholas,,9/9/89,58478,True,Distribution
Jerry,Male,1/30/95,121357,False,Business Dev
Craig,Male,11/1/05,44857,False,Finance
Barbara,Female,3/21/02,47322,True,Sales
Eugene,Male,5/24/84,81077,False,Sales
Johnny,Male,2/26/16,76394,True,Marketing
Benjamin,Male,5/5/13,114356,False,IT
Diana,Female,6/13/94,41831,False,Business Dev
Barbara,,12/10/80,90187,True,Distribution
Christine,Female,2/1/03,72613,False,Legal
Sean,Male,2/11/13,42748,False,Distribution
Sarah,Female,11/3/80,37259,False,IT
Roger,Male,8/3/15,125033,True,Marketing
,Female,6/24/14,38275,,Distribution
,Male,4/20/80,71520,,Engineering
Donald,Male,7/14/95,106472,True,IT
Clarence,Male,11/3/15,103684,True,Engineering
Scott,Male,11/23/96,96111,False,HR
Ann,Female,11/4/84,90719,False,Business Dev
Frank,Male,4/27/03,140303,False,Legal
Joe,Male,7/4/83,62161,True,Business Dev
Wanda,Female,4/6/93,78883,False,
Jimmy,Male,11/19/13,63549,False,
Amy,,12/25/84,63888,True,Product
Larry,Male,1/8/99,97370,False,Sales
Gloria,Female,4/12/92,66224,True,Legal
Ruth,Female,12/12/96,97915,True,HR
Diana,Female,1/19/95,86883,True,Product
Raymond,Male,2/16/09,37812,False,HR
Peter,Male,2/22/03,56580,True,
,,9/25/81,83895,,Engineering
Catherine,Female,8/31/13,58047,True,Distribution
Diane,Female,7/5/82,124889,True,Sales
Peter,,10/13/14,118840,True,IT
Steve,Male,8/22/95,67780,True,HR
Barbara,Female,3/22/04,144677,False,Finance
Helen,,12/2/93,45724,False,Product
Jimmy,,8/26/83,86676,True,Product
Christopher,Male,4/23/14,82401,False,IT
Kathleen,Female,6/13/14,35575,False,Distribution
Virginia,Female,5/2/10,123649,True,Marketing
Lisa,Female,2/26/05,38078,True,Product
Earl,Male,2/11/14,52620,False,Product
Gerald,,1/8/92,133366,False,Legal
Louise,Female,9/18/81,91462,False,Marketing
Clarence,Male,8/26/82,146589,True,Business Dev
Cynthia,Female,9/14/91,51633,True,Business Dev
Adam,Male,10/8/10,45181,False,HR
Justin,Male,9/6/99,62454,True,Sales
,Female,12/2/09,84746,,Finance
Ruby,Female,5/1/99,147362,True,Engineering
Amanda,Female,8/1/04,80803,True,Distribution
Anna,Female,4/15/08,117293,False,IT
Roger,Male,7/3/10,105689,True,Marketing
Julie,,2/4/99,93302,True,Product
Joseph,Male,9/10/92,102555,True,Product
Evelyn,Female,9/22/98,51525,False,Finance
Janice,Female,1/2/84,41190,True,Sales
Sara,Female,2/25/80,75484,False,Finance
Gregory,Male,6/18/84,82726,True,Marketing
Philip,Male,7/18/85,122319,False,Engineering
Barbara,Female,9/2/91,127297,True,Product
Amanda,Female,6/7/02,109290,False,Engineering
Phyllis,,10/25/85,99150,False,IT
Anne,Female,10/26/96,71930,True,Product
Arthur,Male,12/16/14,66819,True,Marketing
Jane,Female,6/1/94,42424,False,Distribution
Linda,Female,8/18/85,51431,False,Engineering
Ashley,Female,11/17/99,120675,False,HR
Shawn,Male,12/3/09,96610,True,IT
Kathleen,Female,9/20/96,71430,False,Engineering
Sara,,10/7/83,87713,True,Legal
Randy,Male,5/2/02,86723,False,Engineering
Andrew,Male,3/29/85,43414,True,IT
Marilyn,Female,8/9/06,87145,False,HR
Johnny,Male,1/8/95,91124,True,Distribution
,Female,4/1/80,48141,,
Susan,Female,4/18/86,90829,False,Marketing
Ruby,Female,7/7/80,101262,False,IT
Kelly,Female,8/16/96,41427,False,Product
Jonathan,Male,4/6/95,56993,False,Marketing
Raymond,Male,1/13/96,114244,False,HR
Kimberly,Female,12/30/81,81800,True,
,Female,1/13/09,118736,,IT
John,Male,1/22/95,66077,True,Product
Michael,Male,7/30/93,35013,False,Product
Jerry,Male,5/4/03,98393,False,IT
Amanda,Female,3/17/82,107111,True,Product
Harold,Male,10/18/10,65673,True,Legal
Harry,Male,1/27/85,65482,False,
Ernest,Male,1/28/90,81919,False,Marketing
Harry,Male,11/19/82,59277,False,Finance
Diane,Female,2/2/88,49501,False,Business Dev
Jack,Male,5/30/12,70367,True,Legal
Shirley,Female,4/16/88,132156,False,Marketing
Rose,Female,10/30/04,56961,False,Marketing
Cheryl,Female,7/23/82,98841,True,IT
Cynthia,Female,5/23/80,78226,False,HR
Sandra,Female,4/24/95,116931,True,HR
Andrea,Female,10/30/94,87575,True,Business Dev
Rachel,Female,4/22/88,110924,False,Distribution
Justin,Male,5/24/81,78351,False,Sales
Marie,Female,11/23/00,125574,False,Sales
Louis,Male,4/15/11,95198,False,Business Dev
Nancy,Female,5/7/85,121006,True,Finance
Mark,Male,10/3/84,95728,True,Business Dev
Teresa,Female,6/24/87,69740,False,Distribution
Frances,Female,7/21/01,91996,False,Product
,Female,10/11/90,98385,,HR
Barbara,,12/20/94,90556,True,Distribution
Christine,,6/15/80,50366,True,Marketing
Bobby,,7/21/03,84232,True,Engineering
Carl,,10/26/91,100888,True,Business Dev
Bruce,Male,3/15/13,141335,True,Engineering
Rose,Female,5/20/82,97691,False,IT
Mildred,Female,2/21/81,47266,False,IT
,Male,10/13/83,139754,,Sales
,Female,10/24/93,116236,,Engineering
Todd,Male,2/16/10,103405,False,Sales
Alan,Male,2/17/12,41453,False,Product
Elizabeth,,2/16/81,52730,False,Marketing
Julie,,10/21/00,60361,True,Distribution
Teresa,,1/3/92,63103,False,Finance
Eric,Male,11/12/04,65168,False,Distribution
Edward,Male,8/30/01,73105,True,Engineering
Kimberly,Female,12/6/86,37916,True,Distribution
Kathy,Female,1/14/01,45682,True,Marketing
Peter,Male,11/24/92,69297,False,Finance
Beverly,Female,10/22/90,59070,True,Engineering
Ralph,Male,3/7/12,81215,False,Finance
Justin,Male,8/10/97,128036,False,IT
Irene,Female,6/23/05,89780,True,Sales
Irene,Female,11/29/06,125018,True,Legal
Jeremy,Male,11/26/97,133033,False,Sales
Cynthia,Female,6/29/15,82408,True,Marketing
,Female,4/13/97,131755,,
Anne,Female,11/21/84,128305,False,Marketing
,,9/2/88,147309,,Distribution
Debra,Female,3/12/83,74911,False,Marketing
Michael,Male,7/13/88,47079,False,Legal
Jason,,3/6/08,82873,False,IT
Rebecca,Female,2/23/90,134673,False,Engineering
Andrea,Female,11/17/11,123591,True,Engineering
Carl,Male,3/30/87,75598,False,
Randy,Male,9/27/00,89831,True,
Marilyn,Female,7/2/84,92430,False,Engineering
Wayne,Male,9/2/09,126956,False,HR
Frances,Female,11/12/96,112467,False,Business Dev
Amanda,,8/11/91,46665,True,IT
Kathleen,Female,8/28/04,42553,True,Distribution
Amanda,Female,1/25/95,102081,False,Sales
Amanda,,3/16/10,135118,False,Finance
Shawn,Male,9/29/87,71975,False,HR
Katherine,Female,8/13/96,149908,False,Finance
Anna,,3/13/85,45418,False,Marketing
Elizabeth,Female,2/21/10,79145,False,Finance
Donald,Male,4/6/88,122920,False,
Gregory,Male,11/15/99,128031,True,Business Dev
Ruth,Female,2/17/04,59969,True,Finance
Cynthia,Female,7/5/86,35381,False,Finance
Deborah,Female,11/21/85,113129,False,IT
Willie,Male,12/5/09,141932,True,Engineering
Debra,Female,5/28/06,42296,False,Product
Carl,Male,12/14/84,63395,False,Legal
Walter,Male,9/24/07,125382,True,IT
Lisa,Female,2/9/82,113592,True,Marketing
Rebecca,Female,3/5/00,46750,True,Sales
Jessica,Female,10/19/86,90285,True,IT
Steve,,8/27/09,53692,True,Marketing
Mary,,12/24/86,100341,False,Distribution
Craig,Male,8/21/95,123876,False,Engineering
Katherine,Female,12/19/00,41643,True,Distribution
Andrea,Female,8/31/89,113760,True,Distribution
Timothy,Male,10/6/10,49473,False,Legal
Anthony,Male,2/13/13,146141,True,Distribution
Harold,,2/4/04,79459,True,Business Dev
Douglas,,2/4/09,104496,True,Marketing
James,Male,12/5/01,67789,True,Legal
Joseph,,3/28/82,86564,True,
Martha,Female,9/14/01,135758,True,IT
Laura,Female,7/12/00,84672,False,Distribution
Robert,Male,11/5/82,111580,False,HR
Ralph,Male,3/24/96,50455,False,Business Dev
,Male,8/28/12,88733,,HR
Diane,Female,10/30/09,130577,False,Marketing
Annie,Female,6/6/92,138925,True,Marketing
Jacqueline,Female,9/20/94,62371,True,IT
Brenda,Female,4/17/84,87715,False,Product
Lori,Female,9/11/02,66029,True,IT
Albert,Male,6/17/92,86818,True,Engineering
Frank,Male,11/23/02,75147,False,Product
Deborah,Female,4/23/00,105573,True,Product
Robin,,12/20/05,41230,True,Distribution
Alice,Female,1/21/16,117787,False,
,Male,10/20/89,88086,,Finance
Paul,,2/18/11,91462,False,Finance
,Male,12/27/96,139959,,Distribution
Brian,Male,4/7/07,93901,True,Legal
Julie,,5/8/80,50529,False,Finance
Bruce,Male,1/28/07,134988,True,Sales
Joan,Female,10/2/07,120941,True,Finance
Harold,Male,5/15/07,118753,False,Sales
Alice,Female,10/16/95,92799,False,Sales
Barbara,Female,11/12/11,85718,False,IT
Sarah,Female,4/6/99,109517,False,HR
Samuel,Male,5/25/12,85550,True,Marketing
,Male,5/23/90,136655,,Distribution
Barbara,,8/2/02,43312,True,Legal
Amy,,5/19/84,102839,True,Distribution
Frank,Male,3/2/09,78891,True,Distribution
Robin,,9/16/05,93201,True,Legal
Debra,Female,3/17/11,84693,True,Finance
Brandon,,5/31/04,73587,True,HR
Thomas,Male,9/7/91,65251,False,Distribution
Harry,Male,9/23/15,129148,True,Engineering
Todd,Male,7/4/93,128175,True,
Patricia,Female,3/7/98,75825,False,Engineering
Steve,Male,1/11/02,51821,True,Legal
,Male,4/7/95,60411,,HR
Edward,Male,11/27/97,58327,True,Finance
Karen,Female,1/9/14,46478,False,Engineering
Martin,,2/6/01,123963,True,Engineering
Ann,Female,9/28/94,79796,False,Distribution
Jonathan,Male,7/30/84,83809,False,Distribution
Peter,Male,3/22/82,77933,True,Engineering
Eric,Male,6/15/93,51070,True,Business Dev
Jason,,4/15/88,97480,False,HR
Terry,Male,10/21/10,58357,False,Engineering
John,Male,1/29/99,67165,False,Engineering
Marie,Female,4/8/83,145988,True,HR
Harold,Male,4/16/10,147417,True,Business Dev
Joshua,Male,6/27/97,95003,True,Marketing
Brandon,,9/5/92,144187,True,Legal
Andrea,Female,12/10/01,37888,False,Engineering
Jeremy,Male,5/19/91,131513,True,Finance
Daniel,Male,2/29/16,77287,True,
Roy,Male,5/10/04,46875,True,Sales
Dorothy,Female,10/8/08,82744,True,IT
Steven,Male,9/7/86,43252,False,IT
Nicole,Female,4/26/09,66047,True,Marketing
Ann,Female,7/16/01,118431,True,Finance
Henry,Male,5/12/86,59943,False,Finance
,Male,6/17/09,136681,,Business Dev
,Female,12/18/94,138807,,HR
Barbara,Female,11/26/02,82884,True,Business Dev
Judy,Female,4/5/11,48668,True,Product
Lawrence,Male,7/23/11,122971,False,Product
Joseph,Male,10/10/10,107050,False,Business Dev
Carlos,Male,1/25/81,138598,False,Sales
Russell,,5/9/09,149456,False,Marketing
Jane,Female,7/10/99,128540,False,Legal
Martin,Male,2/25/16,61117,False,IT
Steven,Male,5/30/80,100949,True,HR
Judy,,7/15/11,46829,True,Finance
James,Male,2/16/08,69111,True,Business Dev
Gloria,Female,8/19/04,46602,True,Business Dev
Ernest,Male,6/30/01,61181,False,Business Dev
Martha,Female,7/17/97,94963,True,Business Dev
Janet,,1/25/86,85789,False,Legal
Louis,,2/5/83,145274,False,Product
Tina,Female,8/6/99,102841,False,IT
Henry,Male,2/23/07,49665,False,Business Dev
Antonio,Male,6/6/99,41928,True,
Lisa,Female,4/11/07,128042,True,Legal
Denise,Female,2/19/84,86150,False,IT
Stephen,Male,10/21/84,121816,True,Distribution
Benjamin,Male,4/12/88,123409,False,Product
Carl,,8/18/07,98295,True,Legal
Ruth,Female,9/2/80,59678,False,Distribution
Shawn,Male,12/29/06,57871,True,HR
Jennifer,Female,3/31/15,132084,True,Engineering
Terry,Male,11/10/04,35633,True,Distribution
Jacqueline,Female,7/27/08,125298,True,Legal
Roger,Male,5/2/88,115582,True,Sales
Alice,,4/23/95,148339,True,Finance
Justin,Male,7/25/91,112975,False,HR
Janet,Female,7/12/08,36927,False,IT
Robin,Female,3/26/04,70248,True,Sales
Samuel,,10/7/02,141305,True,Marketing
Katherine,Female,9/22/06,72002,True,Product
Peter,Male,5/22/91,102577,True,Product
Lillian,Female,8/14/09,113554,True,Business Dev
,Male,10/24/86,47176,,Finance
,Female,6/18/00,106428,,
Rose,Female,11/3/99,75181,True,Finance
Bobby,Male,9/30/04,79047,False,HR
Kimberly,Female,4/20/86,52970,False,Sales
Antonio,Male,12/28/03,137979,False,Distribution
Doris,Female,9/8/84,114360,True,Business Dev
Steven,Male,7/5/09,110306,True,HR
Lawrence,Male,7/3/95,46378,False,
,Male,5/6/86,74104,,IT
,,4/15/91,132505,,Product
Stephanie,Female,9/14/82,96649,False,Sales
,Female,7/24/82,57811,,Marketing
Sandra,Female,9/7/89,111468,True,Product
Kevin,Male,7/1/05,141498,True,Sales
Michelle,,3/31/12,124441,False,Business Dev
Lisa,Female,7/8/00,40121,False,Product
Fred,Male,3/3/89,129712,False,Finance
Joseph,Male,11/4/82,126010,False,Legal
Anne,,4/18/96,122762,False,Distribution
Andrea,Female,7/22/99,149105,True,Distribution
Nicole,Female,3/1/04,44021,False,
Theresa,,10/7/95,42025,True,HR
Catherine,Female,8/31/86,59970,False,IT
Rose,Female,12/31/82,145001,False,Engineering
Lawrence,Male,10/1/84,102589,True,Marketing
Raymond,Male,12/12/86,47529,True,Product
Clarence,Male,8/5/89,148941,False,Product
Ryan,Male,4/15/88,91109,True,HR
Jane,Female,1/12/92,51923,False,Business Dev
Lois,Female,7/28/12,53954,False,Product
Shawn,Male,3/17/08,39335,False,Distribution
Thomas,Male,5/3/90,111371,True,Engineering
Kathryn,Female,1/29/08,86676,False,Sales
Mary,Female,11/6/11,115057,False,Finance
Julie,Female,3/8/80,145357,False,Engineering
George,Male,9/27/95,36749,False,Finance
Ralph,Male,2/10/00,89854,False,Business Dev
Judith,Female,9/3/89,134048,True,Marketing
,Male,12/13/94,141311,,Product
Evelyn,Female,2/10/02,123621,True,Marketing
Rachel,Female,6/23/11,54941,True,Distribution
Maria,,1/18/86,106562,False,HR
Kelly,Female,3/17/07,39371,False,Engineering
Ruby,Female,5/31/08,83112,False,Marketing
Ann,Female,10/3/80,96941,True,Distribution
Kenneth,Male,12/14/85,47232,True,Legal
William,Male,11/18/93,54058,True,HR
,Female,12/27/80,80399,,Distribution
Deborah,Female,2/26/09,118043,True,Business Dev
,Male,11/12/09,109411,,Engineering
Julia,Female,8/18/14,97566,False,Marketing
Robert,,12/4/00,69267,True,Sales
,,8/1/88,87103,,
Jesse,,7/16/14,98811,False,Legal
Cynthia,Female,7/12/06,149684,False,Product
Johnny,Male,1/14/07,71383,True,HR
Michael,Male,8/31/02,81206,True,Distribution
Kenneth,Male,1/15/15,69112,True,Finance
Keith,Male,2/12/03,120672,False,Legal
Gerald,Male,5/28/10,96511,False,HR
Carl,,2/11/82,49325,True,Business Dev
Douglas,Male,8/4/07,132175,False,Engineering
Carolyn,Female,3/17/04,118037,False,Finance
Joseph,Male,5/23/85,139570,True,Finance
Billy,Male,4/6/00,115280,False,Distribution
Joyce,Female,7/25/01,51065,False,HR
Lillian,Female,8/26/02,103854,True,Distribution
Ruby,Female,8/13/06,48354,False,Business Dev
Sandra,Female,2/7/98,132327,False,Product
Louise,Female,2/26/82,106362,False,Sales
Maria,,6/19/85,148857,False,Legal
Brenda,Female,1/3/81,131131,False,IT
Stephen,Male,9/10/90,129663,False,HR
Nicole,,5/2/81,41449,False,Finance
Bobby,Male,6/5/84,93368,True,Product
Ernest,Male,9/6/97,53335,False,Product
Charles,Male,9/3/97,148291,False,
Bobby,Male,8/19/96,147842,True,
Diana,Female,11/19/04,105066,True,Business Dev
Mildred,Female,4/6/07,139284,True,
Harry,Male,2/10/85,63046,False,Finance
Phillip,,10/20/03,89700,True,
Bonnie,,1/18/06,108946,False,Finance
Marie,Female,12/8/93,98406,True,Product
Sean,Male,4/25/06,108581,False,HR
Robin,Female,10/1/12,41808,False,Business Dev
Phillip,Male,10/7/84,36837,False,Marketing
Jerry,Male,3/26/89,140850,False,Finance
Ronald,Male,5/25/83,50426,True,Sales
Phillip,Male,5/15/84,134120,False,HR
Ryan,Male,11/16/12,57292,False,
Karen,Female,8/29/97,80633,False,Legal
Bonnie,Female,8/25/04,131943,False,IT
Earl,Male,6/15/13,48046,False,Marketing
Katherine,Female,8/18/13,97443,False,Product
Matthew,Male,8/3/95,135352,True,Business Dev
Cynthia,,11/19/96,107816,False,Marketing
Gerald,Male,3/29/03,96329,True,Engineering
Brenda,Female,1/18/15,73749,False,Business Dev
Jason,Male,5/1/98,75607,True,Sales
Melissa,Female,9/8/94,98858,True,HR
Beverly,Female,4/11/98,76485,True,Engineering
Terry,,9/11/92,41238,False,Marketing
,Male,9/5/80,114896,,IT
Jacqueline,Female,5/25/03,125418,False,Distribution
Amy,Female,5/20/09,75415,False,IT
Robert,,5/25/07,90998,False,Finance
Ruby,Female,1/28/80,142868,False,Marketing
Sara,,11/18/14,135990,True,Distribution
Kathryn,Female,10/27/95,57300,False,Marketing
Lisa,Female,10/17/03,73706,False,Finance
Juan,Male,10/6/93,85871,False,Product
Anthony,Male,1/30/14,96795,False,Sales
David,Male,12/5/09,92242,False,Legal
Marilyn,Female,10/8/07,115149,True,Legal
Margaret,Female,1/4/01,126924,True,Finance
,Male,11/24/15,145329,,Finance
Timothy,Male,8/25/91,92587,False,Finance
Brandon,Male,10/23/95,60263,False,Sales
Frank,Male,7/27/13,91406,True,Business Dev
Betty,Female,11/19/02,37005,True,Marketing
Janice,,11/19/91,139791,False,Business Dev
Victor,Male,3/10/10,45267,True,Sales
Kenneth,,2/28/94,95296,False,Finance
Jane,Female,4/27/12,59680,True,Business Dev
Walter,Male,5/21/92,144701,True,Marketing
Christina,Female,6/23/02,35477,False,HR
Patricia,Female,10/10/95,119266,False,Distribution
,Male,5/23/01,103877,,Distribution
Heather,Female,7/29/83,47605,True,HR
Stephanie,Female,6/26/88,136604,True,HR
Alice,Female,2/9/13,121250,True,Finance
Frances,Female,5/16/14,35884,False,Sales
Elizabeth,Female,7/27/98,137144,False,Finance
Janice,Female,12/17/09,102697,False,Engineering
Donald,Male,8/1/91,61999,False,Product
Melissa,Female,10/22/02,45223,True,Legal
Carl,Male,7/7/10,54033,True,Business Dev
Joe,Male,12/8/98,126120,False,
Lois,Female,12/11/15,99747,False,Marketing
Ann,Female,9/28/01,71958,True,Distribution
Todd,Male,1/4/83,115566,True,IT
Marilyn,Female,1/16/96,118369,True,Business Dev
Shawn,Male,3/13/08,51667,False,Product
Ryan,Male,4/27/99,85858,False,IT
Sean,Male,3/21/09,131423,False,Distribution
Rose,Female,1/2/02,49538,False,IT
George,Male,6/5/15,50369,True,Sales
Arthur,Male,12/5/13,86615,True,Business Dev
Irene,,2/28/91,135369,False,Business Dev
Deborah,Female,11/11/03,60003,False,IT
,Female,8/23/00,95866,,Sales
Judith,Female,3/1/04,109324,False,Distribution
Philip,Male,3/11/05,103557,True,Business Dev
Jeffrey,Male,9/20/86,111376,True,Business Dev
Theresa,Female,4/27/01,75661,True,Legal
Nancy,Female,9/10/01,85213,True,Marketing
Harold,Male,6/23/12,140444,False,Distribution
Bonnie,Female,12/23/08,90427,True,IT
Doris,Female,7/5/93,141439,False,Business Dev
Samuel,Male,8/7/97,43694,True,Engineering
Alice,Female,3/23/96,131952,False,Engineering
Maria,Female,3/14/03,96250,False,Business Dev
Aaron,,1/22/86,63126,False,IT
Mark,,9/9/06,44836,False,IT
Ralph,,7/28/95,70635,False,IT
Andrew,Male,9/28/90,137386,True,Distribution
William,Male,6/26/97,104840,True,Engineering
Lori,Female,11/20/15,75498,True,Marketing
Wayne,Male,9/8/06,67471,False,Engineering
Kenneth,Male,5/10/06,101914,True,Distribution
Gerald,,4/15/89,93712,True,Distribution
,Female,9/15/85,133472,,Distribution
,Male,7/30/12,107351,,Marketing
Ashley,Female,3/31/06,142410,True,Engineering
Scott,Male,8/20/11,37385,True,Business Dev
Paula,Female,5/21/83,58423,False,Business Dev
,Female,9/14/10,143638,,
Teresa,Female,1/22/13,113425,True,HR
Randy,Male,2/25/12,57266,False,Product
Joe,Male,1/19/80,119667,True,Finance
Sarah,Female,8/17/14,127118,False,Legal
Beverly,Female,10/17/86,80838,False,Engineering
Jeffrey,Male,2/3/84,70990,True,Sales
Gloria,Female,10/24/87,39833,False,Engineering
Albert,Male,9/19/92,45094,True,Business Dev
Stephen,Male,10/29/89,93997,True,Business Dev
Antonio,,6/18/89,103050,False,Legal
Jonathan,Male,8/21/13,121797,False,Product
Ann,Female,9/23/94,89443,True,Sales
Bruce,Male,5/7/80,35802,True,Sales
Catherine,Female,9/25/89,68164,False,IT
Louis,Male,8/16/11,93022,True,HR
Thomas,Male,3/12/16,105681,False,Engineering
Louise,Female,3/27/95,43050,False,Distribution
Linda,Female,2/4/10,44486,True,Engineering
Alice,Female,9/3/88,63571,True,Product
Patrick,Male,12/30/02,75423,True,Business Dev
Victor,,7/28/06,76381,True,Sales
Russell,Male,5/10/13,137359,False,Business Dev
Harry,Male,8/30/11,67656,True,IT
Susan,Female,4/7/95,92436,False,Sales
Denise,Female,10/19/92,137954,True,Legal
Sarah,Female,12/4/95,124566,False,Product
Sean,Male,1/17/83,66146,False,HR
Ernest,Male,7/20/13,142935,True,Product
Kimberly,Female,1/26/13,46233,True,Engineering
James,Male,1/15/93,148985,False,Legal
Rose,Female,4/6/82,91411,True,HR
John,Male,12/23/82,146907,False,Engineering
Maria,Female,10/15/11,43455,False,Engineering
Stephen,,7/10/83,85668,False,Legal
Donna,Female,11/26/82,82871,False,Marketing
Gloria,Female,12/8/14,136709,True,Finance
Alice,Female,10/5/04,47638,False,HR
Justin,,2/10/91,38344,False,Legal
Robin,Female,7/24/87,100765,True,IT
Rose,Female,8/25/02,134505,True,Marketing
Anthony,Male,10/16/11,112769,True,Finance
Tina,Female,5/15/97,56450,True,Engineering
George,Male,6/21/13,98874,True,Marketing
Henry,,11/23/14,132483,False,Distribution
Phillip,Male,1/31/84,42392,False,Finance
Russell,Male,5/20/13,96914,False,Product
Larry,Male,4/20/13,60500,False,Business Dev
Albert,Male,5/15/12,129949,True,Sales
,,,,,