Name,Team,Position,Birthday,Salary
Tremon Smith,Philadelphia Eagles,RB,7/20/1996,570000
Shawn Williams,Cincinnati Bengals,SS,5/13/1991,3500000
Adam Butler,New England Patriots,DT,4/12/1994,645000
Derek Wolfe,Denver Broncos,DE,2/24/1990,8000000
Jake Ryan,Jacksonville Jaguars,OLB,2/27/1992,1000000
Ezekiel Elliott,Dallas Cowboys,RB,7/22/1995,3853137
John Jenkins,Miami Dolphins,DE,7/11/1989,805000
Andrew Wingard,Jacksonville Jaguars,FS,12/5/1996,495000
John Jerry,Cincinnati Bengals,OT,6/14/1986,930000
Matt Barkley,Buffalo Bills,QB,9/8/1990,1250000
Josh Harris,Atlanta Falcons,LS,4/27/1989,930000
Adarius Taylor,Cleveland Browns,OLB,9/21/1990,1350000
Olabisi Johnson,Minnesota Vikings,WR,3/17/1997,647500
Andrew Adams,Tampa Bay Buccaneers,SS,10/28/1992,720000
Forrest Lamp,Los Angeles Chargers,G,2/20/1994,1071084
Ryan Kerrigan,Washington Redskins,OLB,8/16/1988,10500000
Robert Davis,Philadelphia Eagles,WR,4/2/1995,570000
Kevin Byard,Tennessee Titans,FS,8/17/1993,2025000
Pat O'Donnell,Chicago Bears,P,2/22/1991,1250000
Barkevious Mingo,Houston Texans,OLB,10/4/1990,3400000
Kylie Fitts,Arizona Cardinals,OLB,10/11/1994,570000
Akeem Spence,Jacksonville Jaguars,DT,11/29/1991,2900000
Javon Wims,Chicago Bears,WR,9/11/1994,570000
Ronnie Stanley,Baltimore Ravens,OT,3/18/1994,3243318
Jahleel Addae,Houston Texans,SS,1/24/1990,805000
Sony Michel,New England Patriots,RB,2/17/1995,917577
Melvin Ingram,Los Angeles Chargers,DE,4/26/1989,17000000
Julian Edelman,New England Patriots,WR,5/22/1986,1000000
Ted Ginn,New Orleans Saints,WR,4/12/1985,2500000
Romeo Okwara,Detroit Lions,DE,6/17/1995,720000
Corey Davis,Tennessee Titans,WR,1/11/1995,645000
Malcolm Jenkins,Philadelphia Eagles,SS,12/20/1987,8100000
Tyler Matakevich,Pittsburgh Steelers,ILB,12/22/1992,720000
D.J. Reed,San Francisco 49Ers,CB,11/11/1996,570000
Darius Slayton,New York Giants,WR,1/12/1997,495000
Bronson Kaufusi,New York Jets,DE,7/6/1991,645000
Colby Wadman,Denver Broncos,P,4/19/1995,570000
Frank Herron,Detroit Lions,DE,9/9/1994,495000
Ty Sambrailo,Atlanta Falcons,OT,3/10/1992,2000000
Alvin Kamara,New Orleans Saints,RB,7/25/1995,807500
Ka'dar Hollman,Green Bay Packers,CB,9/18/1994,672500
Brynden Trawick,Baltimore Ravens,FS,10/23/1989,805000
Stephone Anthony,New Orleans Saints,OLB,7/28/1992,805000
Neiko Thorpe,Seattle Seahawks,CB,2/11/1990,850000
Matthew Adams,Indianapolis Colts,OLB,12/12/1995,570000
Joel Bitonio,Cleveland Browns,G,10/11/1991,6500000
Jarius Wright,Carolina Panthers,WR,11/25/1989,1500000
Colin Jones,Carolina Panthers,FS,10/27/1987,930000
John Miller,Cincinnati Bengals,G,8/12/1993,900000
Rigoberto Sanchez,Indianapolis Colts,P,9/8/1994,645000
Taylor Stallworth,New Orleans Saints,NT,8/18/1995,570000
Dare Ogunbowale,Tampa Bay Buccaneers,RB,5/4/1994,495000
Adam Thielen,Minnesota Vikings,WR,8/22/1990,5850000
Tim Patrick,Denver Broncos,WR,11/23/1993,570000
Ryan Lewis,Miami Dolphins,CB,4/15/1994,570000
Jermaine Eluemunor,New England Patriots,G,12/13/1994,645000
Malik Reed,Denver Broncos,OLB,8/5/1996,495000
Marshal Yanda,Baltimore Ravens,G,9/15/1984,7000000
Cam Robinson,Jacksonville Jaguars,OT,10/9/1995,1103015
JJ Arcega-Whiteside,Philadelphia Eagles,WR,12/31/1996,495000
LaRoy Reynolds,Cincinnati Bengals,OLB,11/3/1990,805000
Joey Slye,Carolina Panthers,K,4/10/1996,495000
Joshua Kalu,Tennessee Titans,FS,8/28/1995,570000
Erik Magnuson,Oakland Raiders,C,1/5/1994,645000
Darqueze Dennard,Cincinnati Bengals,CB,10/10/1991,1500000
Andre Patton,Los Angeles Chargers,WR,5/28/1994,495000
Donald Penn,Washington Redskins,OT,4/27/1983,1030000
Josh Jones,Dallas Cowboys,FS,9/20/1994,849856
Keisean Nixon,Oakland Raiders,CB,6/22/1997,495000
Cethan Carter,Cincinnati Bengals,TE,9/5/1993,570000
Charley Hughlett,Cleveland Browns,LS,5/16/1990,805000
Josh Kline,Minnesota Vikings,G,10/29/1989,1450000
Marquel Lee,Oakland Raiders,OLB,10/21/1995,645000
Janoris Jenkins,New Orleans Saints,CB,10/29/1988,10150000
Deandrew White,Carolina Panthers,WR,10/16/1991,645000
Jordan Evans,Cincinnati Bengals,OLB,1/27/1995,645000
Marqui Christian,Los Angeles Rams,SS,10/27/1994,720000
Darryl Roberts,New York Jets,CB,11/26/1990,1000000
Josh Tupou,Cincinnati Bengals,NT,5/2/1994,645000
Justin Hardy,Atlanta Falcons,WR,12/18/1991,805000
Shaq Lawson,Buffalo Bills,DE,6/17/1994,1851679
Aaron Rodgers,Green Bay Packers,QB,12/2/1983,1100000
De'Vondre Campbell,Atlanta Falcons,OLB,7/1/1993,2025000
Seth Roberts,Baltimore Ravens,WR,2/22/1991,1700000
Vernon Butler,Carolina Panthers,DE,6/14/1994,1144980
Shelby Harris,Denver Broncos,DE,8/11/1991,3095000
Joel Iyiegbuniwe,Chicago Bears,ILB,10/12/1995,570000
Mark Barron,Pittsburgh Steelers,ILB,10/27/1989,1000000
Terrance Mitchell,Cleveland Browns,CB,5/27/1992,2500000
Jacob Martin,Houston Texans,OLB,12/11/1995,570000
Justin Layne,Pittsburgh Steelers,CB,1/12/1998,495000
Russell Gage,Atlanta Falcons,WR,1/22/1996,570000
Jordan Willis,New York Jets,DE,5/2/1995,754750
Cameron Sutton,Pittsburgh Steelers,CB,2/27/1995,677400
Cortez Broughton,Los Angeles Chargers,DT,9/2/1996,495000
Cole Mazza,Los Angeles Chargers,LS,2/14/1995,495000
Ryan Groy,Los Angeles Chargers,G,9/30/1990,805000
Tarik Cohen,Chicago Bears,RB,7/26/1995,645000
Jeremiah Valoaga,San Francisco 49Ers,DE,11/15/1994,570000
Kenyan Drake,Arizona Cardinals,RB,1/26/1994,2025000
Jason Witten,Dallas Cowboys,TE,5/6/1982,2000000
Taylor Lewan,Tennessee Titans,OT,7/21/1991,14500000
Whitney Mercilus,Houston Texans,OLB,7/21/1990,5750000
Parker Ehinger,Baltimore Ravens,G,12/30/1992,720000
Luke Stocker,Atlanta Falcons,TE,7/1/1988,1400000
Harold Landry,Tennessee Titans,OLB,6/5/1996,786077
Josey Jewell,Denver Broncos,ILB,12/25/1994,570000
Riley Dixon,New York Giants,P,7/31/1993,720000
Dalvin Tomlinson,New York Giants,NT,2/28/1994,880646
Vince Williams,Pittsburgh Steelers,ILB,12/27/1989,805000
Tyler Lancaster,Green Bay Packers,DE,11/4/1994,570000
Ryan Griffin,Tampa Bay Buccaneers,QB,11/17/1989,2250000
Xavier Crawford,Chicago Bears,CB,12/10/1995,495000
Sean Mannion,Minnesota Vikings,QB,4/25/1992,805000
Royce Freeman,Denver Broncos,RB,2/24/1996,661000
Taylor Rapp,Los Angeles Rams,SS,12/22/1997,495000
Blidi Wreh-Wilson,Atlanta Falcons,CB,12/5/1989,805000
Keenan Allen,Los Angeles Chargers,WR,4/27/1992,10000000
Matt Paradis,Carolina Panthers,C,10/12/1989,1000000
Matt Schaub,Atlanta Falcons,QB,6/25/1981,1030000
Jason Kelce,Philadelphia Eagles,C,11/5/1987,930000
Wil Lutz,New Orleans Saints,K,7/7/1994,850000
Mike Iupati,Seattle Seahawks,G,5/12/1987,1000000
Corey Linsley,Green Bay Packers,C,10/29/1990,4300000
Marcus Johnson,Indianapolis Colts,WR,8/5/1994,570000
Nevin Lawson,Oakland Raiders,CB,4/22/1991,1000000
Kendall Lamm,Cleveland Browns,OT,6/5/1992,1200000
David Edwards,Los Angeles Rams,G,3/20/1997,495000
Logan Ryan,Tennessee Titans,CB,2/9/1991,9500000
Deone Bucannon,New York Giants,ILB,8/30/1992,1050000
Tress Way,Washington Redskins,P,4/18/1990,1500000
Linval Joseph,Minnesota Vikings,NT,10/10/1988,8900000
Cameron Heyward,Pittsburgh Steelers,DT,5/6/1989,8750000
Corey Nelson,Denver Broncos,ILB,4/22/1992,805000
Shaq Thompson,Carolina Panthers,ILB,4/21/1994,9232000
Cody Core,New York Giants,WR,4/17/1994,720000
Kenny Golladay,Detroit Lions,WR,11/3/1993,676000
Juwann Winfree,Denver Broncos,WR,9/4/1996,495000
Sherrick McManis,Chicago Bears,SS,12/19/1987,1500000
Taylor Decker,Detroit Lions,OT,8/23/1994,1945498
Jace Sternberger,Green Bay Packers,TE,6/26/1996,495000
Jaron Brown,Seattle Seahawks,WR,1/8/1990,2750000
Damien Harris,New England Patriots,RB,2/11/1997,495000
Corey Peters,Arizona Cardinals,NT,6/8/1988,3250000
Tracy Walker,Detroit Lions,FS,2/1/1995,628000
Eli Manning,New York Giants,QB,1/3/1981,11500000
Charles Omenihu,Houston Texans,DE,8/20/1997,495000
Darvin Kidsy,Washington Redskins,WR,3/19/1995,495000
Mike Glennon,Oakland Raiders,QB,12/12/1989,1000000
Corey Liuget,Buffalo Bills,DT,12/11/1989,930000
Jimmy Garoppolo,San Francisco 49Ers,QB,11/2/1991,17200000
Nick Gates,New York Giants,G,11/27/1995,495000
Da'ron Payne,Washington Redskins,NT,5/27/1997,1135380
Larry Warford,New Orleans Saints,G,6/18/1991,7650000
Aaron Colvin,Washington Redskins,CB,10/2/1991,7500000
Pharoh Cooper,Arizona Cardinals,WR,3/7/1995,720000
Eddie Jackson,Chicago Bears,SS,12/10/1994,645000
Darious Williams,Los Angeles Rams,CB,3/15/1993,570000
Jaleel Scott,Baltimore Ravens,WR,7/23/1995,495000
Geremy Davis,Los Angeles Chargers,WR,1/10/1992,805000
A'Shawn Robinson,Detroit Lions,DT,3/21/1995,1163678
Sam Tevi,Los Angeles Chargers,OT,11/15/1994,645000
Jason Cabinda,Detroit Lions,ILB,3/17/1996,570000
Ben Banogu,Indianapolis Colts,DE,1/19/1996,1482500
Christian Jones,Detroit Lions,OLB,2/18/1991,2450000
Mike Gesicki,Miami Dolphins,TE,10/3/1995,780542
Tyrell Adams,Houston Texans,OLB,4/11/1992,720000
Travis Kelce,Kansas City Chiefs,TE,10/5/1989,7500000
Da'shawn Hand,Detroit Lions,DE,11/14/1995,570000
Cameron Wake,Tennessee Titans,OLB,1/30/1982,3250000
Travis Fulgham,Detroit Lions,WR,9/13/1995,495000
Andre Dillard,Philadelphia Eagles,OT,10/3/1995,495000
Laremy Tunsil,Houston Texans,OT,8/2/1994,2148770
Blake Bell,Kansas City Chiefs,TE,8/7/1991,805000
Lamar Jackson,Baltimore Ravens,QB,1/7/1997,910529
Halapoulivaati Vaitai,Philadelphia Eagles,OT,6/16/1993,2025000
Tyler Kroft,Buffalo Bills,TE,10/15/1992,1800000
B.J. Hill,New York Giants,DE,4/20/1995,664345
Christian Kirk,Arizona Cardinals,WR,11/18/1996,747948
Ryan Ramczyk,New Orleans Saints,OT,4/22/1994,1273323
Kirk Cousins,Minnesota Vikings,QB,8/19/1988,27500000
Germain Ifedi,Seattle Seahawks,OT,6/2/1994,1577060
Josh Harvey-Clemons,Washington Redskins,ILB,2/20/1994,645000
Chris Thompson,Washington Redskins,RB,10/20/1990,2750000
JuJu Smith-Schuster,Pittsburgh Steelers,WR,11/22/1996,846434
Rex Burkhead,New England Patriots,RB,7/2/1990,1750000
Alex Mack,Atlanta Falcons,C,11/19/1985,8500000
David Sharpe,Oakland Raiders,OT,10/21/1995,645000
Michael Gallup,Dallas Cowboys,WR,3/4/1996,629000
Ryquell Armstead,Jacksonville Jaguars,RB,10/30/1996,495000
Anthony Sherman,Kansas City Chiefs,FB,12/11/1988,930000
Jonathan Bullard,Arizona Cardinals,DE,11/30/1993,820000
Qadree Ollison,Atlanta Falcons,RB,9/8/1996,495000
Will Richardson,Jacksonville Jaguars,G,1/4/1996,570000
Jordan Howard,Philadelphia Eagles,RB,11/2/1994,2025000
Davante Adams,Green Bay Packers,WR,12/24/1992,2750000
Maxx Crosby,Oakland Raiders,DE,8/22/1997,822500
Demario Davis,New Orleans Saints,OLB,1/11/1989,5950000
Robert Jackson,Cleveland Browns,CB,12/8/1993,495000
Justin Simmons,Denver Broncos,FS,11/19/1993,2025000
Keion Crossen,Houston Texans,CB,4/17/1996,570000
Robbie Gould,San Francisco 49Ers,K,12/30/1981,4971000
Derek Barnett,Philadelphia Eagles,DE,6/25/1996,1633252
Jake Matthews,Atlanta Falcons,OT,2/11/1992,6500000
Za'Darius Smith,Green Bay Packers,OLB,9/8/1992,1000000
Virgil Green,Los Angeles Chargers,TE,7/21/1988,2500000
Brandon Allen,Denver Broncos,QB,9/5/1992,645000
Dakota Allen,Jacksonville Jaguars,OLB,11/2/1995,495000
Marcus Davenport,New Orleans Saints,DE,9/4/1996,779632
Tyrone Swoopes,Seattle Seahawks,TE,11/14/1994,378000
Kendrick Bourne,San Francisco 49Ers,WR,8/4/1995,645000
Frank Ragnow,Detroit Lions,C,5/17/1996,1015461
Johnny Mundt,Los Angeles Rams,TE,11/23/1994,570000
Dre Greenlaw,San Francisco 49Ers,OLB,5/25/1997,710000
Austin Cutting,Minnesota Vikings,LS,10/27/1997,495000
Clelin Ferrell,Oakland Raiders,DE,5/17/1997,495000
Andrew Norwell,Jacksonville Jaguars,G,10/25/1991,13000000
Quinnen Williams,New York Jets,DE,12/21/1997,495000
Dontae Johnson,San Francisco 49Ers,CB,12/1/1991,805000
Deonte Harris,New Orleans Saints,WR,12/4/1997,495000
Trey Edmunds,Pittsburgh Steelers,RB,12/30/1994,645000
Ben Garland,San Francisco 49Ers,C,4/6/1988,805000
Marcus Peters,Baltimore Ravens,CB,1/9/1993,9069000
Cody Davis,Jacksonville Jaguars,FS,6/6/1989,1750000
Quinton Spain,Buffalo Bills,G,8/7/1991,1750000
Brian O'Neill,Minnesota Vikings,OT,9/15/1995,680302
Vic Beasley,Atlanta Falcons,DE,7/8/1992,12810000
Brandon Bolden,New England Patriots,RB,1/26/1990,1000000
Luke Rhodes,Indianapolis Colts,ILB,12/2/1992,720000
Jurrell Casey,Tennessee Titans,DT,12/5/1989,10550000
Tim Williams,Green Bay Packers,OLB,11/12/1993,690000
James Daniels,Chicago Bears,G,9/13/1997,795916
Greg Gaines,Los Angeles Rams,NT,5/6/1996,495000
Jarrad Davis,Detroit Lions,ILB,11/16/1994,1462198
David Njoku,Cleveland Browns,TE,7/10/1996,1330918
Garett Bolles,Denver Broncos,OT,5/27/1992,1467900
Brandon Dunn,Houston Texans,DE,9/5/1992,2025000
Jamal Agnew,Detroit Lions,CB,4/3/1995,645000
Kyle Juszczyk,San Francisco 49Ers,FB,4/23/1991,4200000
Mack Wilson,Cleveland Browns,OLB,2/14/1998,495000
Jerry Hughes,Buffalo Bills,DE,8/13/1988,6800000
Saquon Barkley,New York Giants,RB,2/7/1997,1897943
Casey Kreiter,Denver Broncos,LS,8/13/1990,1000000
Ibraheim Campbell,Green Bay Packers,SS,5/13/1992,720000
Josh Rosen,Miami Dolphins,QB,2/10/1997,570000
Baker Mayfield,Cleveland Browns,QB,4/14/1995,570000
Julian Stanford,Buffalo Bills,ILB,9/2/1990,1250000
Jesse James,Detroit Lions,TE,6/4/1994,805000
Tyrell Crosby,Detroit Lions,OT,9/5/1995,570000
Matthew Slater,New England Patriots,WR,9/9/1985,1600000
Sam Ficken,New York Jets,K,12/14/1992,495000
Jacob Hollister,Seattle Seahawks,TE,11/18/1993,645000
A.J. Brown,Tennessee Titans,WR,6/30/1997,495000
Jonathan Allen,Washington Redskins,DE,1/16/1995,1519216
Matt Haack,Miami Dolphins,P,7/25/1994,645000
Jamil Demby,Los Angeles Rams,G,6/20/1996,570000
Kyle Fuller,Seattle Seahawks,G,3/4/1994,1000000
Derwin James,Los Angeles Chargers,SS,8/3/1996,1043134
Chris Covington,Dallas Cowboys,OLB,1/3/1996,570000
Nate Ebner,New England Patriots,SS,12/14/1989,2000000
Oren Burks,Green Bay Packers,ILB,3/21/1995,606500
Vita Vea,Tampa Bay Buccaneers,NT,2/5/1995,1153829
Tashaun Gipson,Houston Texans,SS,8/7/1990,2500000
Alex Singleton,Philadelphia Eagles,OLB,12/7/1993,495000
Jon Halapio,New York Giants,C,2/20/1987,645000
Joe Staley,San Francisco 49Ers,OT,8/30/1984,8050000
Nick Vannett,Pittsburgh Steelers,TE,3/6/1993,736000
Ryan Anderson,New York Jets,G,12/30/1994,949066
Mack Hollins,Miami Dolphins,WR,9/16/1993,645000
Isaac Nauta,Detroit Lions,TE,5/21/1997,495000
Damiere Byrd,Arizona Cardinals,WR,1/27/1993,720000
Trey Quinn,Washington Redskins,WR,12/7/1995,570000
Kareem Hunt,Cleveland Browns,RB,8/6/1995,645000
Riley Reiff,Minnesota Vikings,OT,12/1/1988,9400000
Sam Hubbard,Cincinnati Bengals,DE,6/29/1995,640000
Vinny Curry,Philadelphia Eagles,DE,6/30/1988,1000000
Scott Simonson,New York Giants,TE,4/13/1992,805000
Bryan Bulaga,Green Bay Packers,OT,3/21/1989,5800000
Isaiah Prince,Cincinnati Bengals,OT,7/29/1997,495000
Kiko Alonso,New Orleans Saints,ILB,8/14/1990,6485000
Andy Janovich,Denver Broncos,FB,5/23/1993,720000
Alex Okafor,Kansas City Chiefs,DE,2/8/1991,805000
Jaire Alexander,Green Bay Packers,CB,2/9/1997,1027761
George Odum,Indianapolis Colts,FS,11/3/1993,570000
Deionte Thompson,Arizona Cardinals,SS,2/11/1997,495000
Dexter Williams,Green Bay Packers,RB,1/6/1997,670000
Darrell Henderson,Los Angeles Rams,RB,8/19/1997,495000
Tyron Smith,Dallas Cowboys,OT,12/12/1990,10000000
Mario Addison,Carolina Panthers,OLB,9/6/1987,6500000
Ryan Anderson,New York Giants,P,12/30/1994,949066
Darius Leonard,Indianapolis Colts,OLB,7/27/1995,809446
Daniel McCullers,Pittsburgh Steelers,NT,8/11/1992,1000000
Marcus Maye,New York Jets,FS,3/8/1994,1060822
Justin Bethel,New England Patriots,CB,6/17/1990,1500000
Chris Carson,Seattle Seahawks,RB,9/16/1994,645000
Terrence Brooks,New England Patriots,FS,3/2/1991,805000
Rodney Hudson,Oakland Raiders,C,7/12/1989,8250000
Jeremiah Attaochu,Denver Broncos,OLB,1/17/1993,805000
Abry Jones,Jacksonville Jaguars,NT,9/8/1991,3400000
Brandon Parker,Oakland Raiders,OT,10/21/1995,666152
Clark Harris,Cincinnati Bengals,LS,7/10/1984,1030000
Josh Ferguson,Washington Redskins,RB,5/23/1993,645000
Troy Reeder,Los Angeles Rams,ILB,9/13/1994,495000
Cole Holcomb,Washington Redskins,ILB,7/30/1996,495000
Joshua Miles,Arizona Cardinals,OT,1/4/1996,495000
Josh Reynolds,Los Angeles Rams,WR,2/16/1995,645000
Rodger Saffold,Tennessee Titans,G,6/6/1988,3500000
Margus Hunt,Indianapolis Colts,NT,7/14/1987,1000000
Dwayne Harris,Oakland Raiders,WR,9/16/1987,930000
Kameron Canaday,Pittsburgh Steelers,LS,8/20/1992,720000
Malik Hooker,Indianapolis Colts,FS,4/1/1996,1610446
Armani Watts,Kansas City Chiefs,SS,3/19/1996,570000
Martinas Rankin,Kansas City Chiefs,OT,10/20/1994,634000
Kenny Clark,Green Bay Packers,NT,10/4/1995,1726588
Jesse Davis,Miami Dolphins,OT,9/15/1991,645000
Jamal Carter,Atlanta Falcons,SS,4/12/1994,570000
Damion Square,Los Angeles Chargers,NT,2/6/1989,1500000
Taco Charlton,Miami Dolphins,DE,11/7/1994,1376672
Keesean Johnson,Arizona Cardinals,WR,10/9/1996,495000
Frankie Luvu,New York Jets,OLB,9/19/1996,570000
Malcom Brown,New Orleans Saints,NT,5/15/1993,1000000
Michael Davis,Los Angeles Chargers,CB,1/6/1995,645000
Allen Bailey,Atlanta Falcons,DE,3/25/1989,2750000
Eric Rowe,Miami Dolphins,SS,10/3/1992,1375000
Kentrell Brothers,Minnesota Vikings,ILB,11/30/1992,720000
James Winchester,Kansas City Chiefs,LS,3/10/1984,820000
Zach Pascal,Indianapolis Colts,WR,12/18/1994,570000
Danny Trevathan,Chicago Bears,ILB,3/24/1990,5800000
Durham Smythe,Miami Dolphins,TE,8/9/1995,570000
Ethan Pocic,Seattle Seahawks,G,8/5/1995,865821
Jamar Taylor,Atlanta Falcons,CB,9/29/1990,805000
Dee Virgin,Detroit Lions,CB,10/29/1993,570000
George Fant,Seattle Seahawks,OT,7/19/1992,3095000
Mo Alie-Cox,Indianapolis Colts,TE,9/19/1993,570000
Carl Granderson,New Orleans Saints,DE,12/18/1996,495000
Bobby Okereke,Indianapolis Colts,ILB,7/29/1996,495000
Sheldon Richardson,Cleveland Browns,DT,11/30/1990,8000000
Jalen Thompson,Arizona Cardinals,SS,7/18/1998,495000
Minkah Fitzpatrick,Pittsburgh Steelers,FS,11/17/1996,1227626
Erik McCoy,New Orleans Saints,C,8/27/1997,495000
Allen Lazard,Green Bay Packers,WR,12/11/1995,495000
Ted Karras,New England Patriots,C,3/15/1993,720000
Blake Martinez,Green Bay Packers,ILB,1/9/1994,2025000
John Cominsky,Atlanta Falcons,DE,11/22/1995,495000
Matt LaCosse,New England Patriots,TE,9/21/1992,700000
Drew Brees,New Orleans Saints,QB,1/15/1979,1400000
Ryan Fitzpatrick,Miami Dolphins,QB,11/24/1982,1500000
Todd Gurley,Los Angeles Rams,RB,8/3/1994,5000000
Sebastian Joseph,Los Angeles Rams,NT,3/21/1995,570000
Austin Schlottmann,Denver Broncos,C,9/18/1995,495000
Shy Tuttle,New Orleans Saints,NT,10/20/1995,495000
Efe Obada,Carolina Panthers,DE,4/13/1992,570000
Hassan Ridgeway,Philadelphia Eagles,DT,11/2/1994,720000
Eric Murray,Cleveland Browns,SS,1/7/1994,2015500
Trey Pipkins,Los Angeles Chargers,OT,9/5/1996,495000
Jerome Baker,Miami Dolphins,LB,12/25/1996,654000
Charles Clay,Arizona Cardinals,TE,2/13/1989,1150000
Jawaan Taylor,Jacksonville Jaguars,OT,11/25/1997,495000
Troy Fumagalli,Denver Broncos,TE,2/17/1995,495000
Josh Adams,New York Jets,RB,10/29/1996,570000
Vance McDonald,Pittsburgh Steelers,TE,6/13/1990,4200000
Hunter Henry,Los Angeles Chargers,TE,12/7/1994,1170042
Maliek Collins,Dallas Cowboys,DT,4/8/1995,2025000
Mike Davis,Carolina Panthers,RB,2/19/1993,1000000
Anthony Chickillo,Pittsburgh Steelers,OLB,12/10/1992,806000
Josh Jackson,Green Bay Packers,CB,4/3/1996,764368
Dontrell Hilliard,Cleveland Browns,RB,2/26/1995,570000
Dean Lowry,Green Bay Packers,DE,6/9/1994,2025000
Breon Borders,Jacksonville Jaguars,CB,7/22/1995,570000
Clayton Fejedelem,Cincinnati Bengals,SS,6/2/1993,720000
Brett Kern,Tennessee Titans,P,2/17/1986,1800000
Devaroe Lawrence,Kansas City Chiefs,DT,10/13/1992,570000
Deon Cain,Pittsburgh Steelers,WR,8/9/1996,495000
Josh Bellamy,New York Jets,WR,5/18/1989,930000
Greg Robinson,Cleveland Browns,OT,10/21/1992,5500000
Marcell Ateman,Oakland Raiders,WR,9/16/1994,570000
Isaiah Wynn,New England Patriots,OT,12/9/1995,1000087
Logan Cooke,Jacksonville Jaguars,P,7/28/1995,570000
Damien Williams,Kansas City Chiefs,RB,4/3/1992,1050000
Devin Singletary,Buffalo Bills,RB,9/3/1997,495000
Michael Dickson,Seattle Seahawks,P,1/4/1996,570000
Jacob Tuioti-Mariner,Atlanta Falcons,DE,7/25/1996,495000
Mark Nzeocha,San Francisco 49Ers,OLB,4/21/1995,1100000
Leonard Williams,New York Giants,DE,6/20/1994,14200000
Christian Miller,Carolina Panthers,OLB,6/19/1996,495000
Kevin King,Green Bay Packers,CB,5/5/1995,1108717
Randall Cobb,Dallas Cowboys,WR,8/22/1990,2000000
Tre'Davious White,Buffalo Bills,CB,1/16/1995,1382374
Graham Glasgow,Detroit Lions,G,7/19/1992,2025000
Jake Bailey,New England Patriots,P,6/18/1997,495000
Andre Smith,Carolina Panthers,ILB,4/20/1997,1030000
Jordan Dangerfield,Pittsburgh Steelers,SS,12/25/1990,645000
Tytus Howard,Houston Texans,OT,5/23/1996,495000
Damien Wilson,Kansas City Chiefs,LB,5/28/1993,720000
Tedric Thompson,Seattle Seahawks,FS,1/20/1995,645000
Ryan Tannehill,Tennessee Titans,QB,7/27/1988,1750000
Don Muhlbach,Detroit Lions,LS,8/17/1981,1030000
Julie'n Davenport,Miami Dolphins,OT,1/9/1995,645000
Ricky Seals-Jones,Cleveland Browns,TE,3/15/1995,645000
Mike McGlinchey,San Francisco 49Ers,OT,1/12/1995,570000
Kaden Smith,New York Giants,TE,4/24/1997,679750
Eric Reid,Carolina Panthers,SS,10/10/1991,1500000
Taybor Pepper,Miami Dolphins,LS,5/28/1994,570000
Eddie Vanderdoes,Houston Texans,NT,10/13/1994,679000
Blake Jarwin,Dallas Cowboys,TE,7/16/1994,645000
Hercules Mata'afa,Minnesota Vikings,DT,9/18/1995,495000
Kamu Grugier-Hill,Philadelphia Eagles,OLB,5/16/1994,720000
Cody Barton,Seattle Seahawks,ILB,11/13/1996,495000
Shakial Taylor,Denver Broncos,CB,12/27/1996,495000
Leighton Vander Esch,Dallas Cowboys,OLB,2/9/1997,1018535
Trey Marshall,Denver Broncos,SS,2/13/1996,570000
Matt Milano,Buffalo Bills,OLB,3/17/1995,645000
Brandon Graham,Philadelphia Eagles,DE,4/3/1988,1000000
Joel Heath,Houston Texans,DE,6/18/1993,720000
Devin McCourty,New England Patriots,SS,8/13/1987,9000000
Branden Jackson,Seattle Seahawks,OLB,11/11/1992,645000
Tony Brown,Green Bay Packers,CB,7/13/1996,570000
Chad Thomas,Cleveland Browns,DE,10/12/1995,665000
Rashaan Evans,Tennessee Titans,ILB,11/8/1995,1006236
Michael Bennett,Dallas Cowboys,DE,11/13/1985,3000000
J.T. Gray,New Orleans Saints,SS,1/18/1996,570000
Jason Pierre-Paul,Tampa Bay Buccaneers,OLB,1/1/1989,13650000
Jack Cichy,Tampa Bay Buccaneers,ILB,5/5/1995,570000
Kawann Short,Carolina Panthers,DE,2/2/1989,12500000
Teddy Bridgewater,New Orleans Saints,QB,11/10/1992,1250000
Hale Hentges,Washington Redskins,TE,8/19/1996,495000
Joe Walker,Chicago Bears,WR,1/12/1996,645000
David Fales,New York Jets,QB,10/4/1990,805000
Drue Tranquill,Los Angeles Chargers,ILB,8/15/1995,495000
Isaiah Ford,Miami Dolphins,WR,2/9/1996,570000
Zane Gonzalez,Arizona Cardinals,K,5/7/1995,645000
Josh Norman,Washington Redskins,CB,12/15/1987,11000000
Tanzel Smart,Los Angeles Rams,DT,11/6/1994,645000
Ryan Kelly,Indianapolis Colts,C,5/30/1993,1875134
Desmond King,Los Angeles Chargers,CB,12/14/1994,645000
Antone Exum,San Francisco 49Ers,SS,2/27/1991,805000
Byron Jones,Dallas Cowboys,CB,9/26/1992,6266000
Mohamed Sanu,New England Patriots,WR,8/22/1989,6000000
Nick Bawden,Detroit Lions,FB,6/22/1996,495000
Brandon Wilson,Cincinnati Bengals,FS,7/27/1994,645000
Preston Brown,Jacksonville Jaguars,OLB,10/27/1992,900000
Aaron Donald,Los Angeles Rams,DT,5/23/1991,9108000
Fred Johnson,Cincinnati Bengals,G,6/5/1997,495000
Caraun Reid,Arizona Cardinals,DE,11/23/1991,805000
Dion Dawkins,Buffalo Bills,OT,4/26/1994,845294
Deion Jones,Atlanta Falcons,ILB,11/4/1994,1069860
Azeez Al-Shaair,San Francisco 49Ers,OLB,8/4/1997,495000
Mike Daniels,Detroit Lions,DT,5/5/1989,7800000
Olsen Pierre,Oakland Raiders,DT,8/27/1991,825000
Stephen Hauschka,Buffalo Bills,K,6/29/1985,2000000
Tuzar Skipper,Pittsburgh Steelers,OLB,6/5/1995,495000
Tommy Sweeney,Buffalo Bills,TE,7/1/1995,495000
Justin Murray,Arizona Cardinals,OT,4/19/1993,570000
Drew Forbes,Cleveland Browns,G,1/18/1997,495000
Tyler Larsen,Carolina Panthers,C,7/8/1991,900000
Jojo Natson,Los Angeles Rams,WR,2/1/1994,645000
Daylon Mack,Baltimore Ravens,NT,2/23/1997,704500
Devin Smith,Dallas Cowboys,WR,3/3/1992,645000
Deon Lacey,Miami Dolphins,LB,7/18/1990,645000
Keelan Cole,Jacksonville Jaguars,WR,4/20/1993,645000
Kevin Peterson,Arizona Cardinals,CB,3/22/1994,570000
Damontre Moore,San Francisco 49Ers,DE,9/11/1992,805000
Yannick Ngakoue,Jacksonville Jaguars,DE,11/30/1994,2025000
D.J. Moore,Carolina Panthers,WR,4/14/1997,987787
Trysten Hill,Dallas Cowboys,DT,3/25/1998,495000
Duke Shelley,Chicago Bears,CB,10/8/1996,495000
Gardner Minshew,Jacksonville Jaguars,QB,5/16/1996,495000
Bradley Bozeman,Baltimore Ravens,C,11/24/1994,570000
James Burgess,New York Jets,ILB,3/9/1994,645000
Peyton Barber,Tampa Bay Buccaneers,RB,6/27/1994,2025000
Trent Sieg,Oakland Raiders,LS,5/19/1995,570000
Zach Kerr,Arizona Cardinals,DE,8/29/1990,1500000
Thomas Davis,Los Angeles Chargers,OLB,3/22/1983,1250000
Max Scharping,Houston Texans,G,8/10/1996,495000
Beau Allen,Tampa Bay Buccaneers,NT,11/14/1991,2000000
Devante Parker,Miami Dolphins,WR,1/20/1993,3500000
Taven Bryan,Jacksonville Jaguars,DT,3/11/1996,941589
Gus Edwards,Baltimore Ravens,RB,4/13/1995,570000
Isaiah Buggs,Pittsburgh Steelers,DT,8/24/1996,495000
Brandon Knight,Dallas Cowboys,G,4/1/1997,495000
Justin Hollins,Denver Broncos,OLB,1/15/1996,495000
Cedrick Wilson,Dallas Cowboys,WR,11/20/1995,495000
Carlos Hyde,Houston Texans,RB,9/20/1990,1400000
Deon Yelder,Kansas City Chiefs,TE,3/6/1995,570000
Jalen Ramsey,Los Angeles Rams,CB,10/24/1994,3634227
Corey Thompson,Buffalo Bills,OLB,12/23/1993,570000
Chase Edmonds,Arizona Cardinals,RB,4/13/1996,570000
David DeCastro,Pittsburgh Steelers,G,1/11/1990,7070000
Travis Frederick,Dallas Cowboys,C,1/1/1991,6000000
Earl Watford,Tampa Bay Buccaneers,G,6/24/1990,805000
Jordan Chunn,Dallas Cowboys,RB,1/2/1995,495000
Garrett Celek,San Francisco 49Ers,TE,5/29/1988,1700000
Dwayne Haskins,Washington Redskins,QB,5/3/1997,495000
Bobby Evans,Los Angeles Rams,OT,3/24/1997,495000
Ka'imi Fairbairn,Houston Texans,K,1/29/1994,3095000
Harrison Phillips,Buffalo Bills,DT,1/25/1996,570000
Nick O'Leary,Jacksonville Jaguars,TE,8/31/1992,1000000
Seantrel Henderson,Houston Texans,OT,1/21/1992,1500000
Demaryius Thomas,New York Jets,WR,10/25/1987,1200000
Reggie Bonnafon,Carolina Panthers,RB,1/4/1996,495000
Joey Hunt,Seattle Seahawks,C,2/22/1994,645000
Dorian O'Daniel,Kansas City Chiefs,LB,9/4/1994,584000
Allen Hurns,Miami Dolphins,WR,11/12/1991,4000000
Andre Roberts,Buffalo Bills,WR,1/9/1988,2000000
Troy Apke,Washington Redskins,FS,4/11/1995,570000
Jordan Jenkins,New York Jets,OLB,7/1/1994,2025000
Ifeadi Odenigbo,Minnesota Vikings,DE,4/8/1994,570000
Brent Qvale,New York Jets,OT,3/11/1991,1000000
Jordan Devey,Oakland Raiders,G,1/11/1988,805000
Jihad Ward,Baltimore Ravens,OLB,3/11/1994,720000
Mason Crosby,Green Bay Packers,K,9/3/1984,3200000
Ty Johnson,Detroit Lions,RB,9/17/1997,495000
Duke Dawson,Denver Broncos,CB,10/13/1995,695676
Trent Harris,Miami Dolphins,OLB,9/17/1995,495000
Eddy Pineiro,Chicago Bears,K,9/13/1995,495000
Emmanuel Moseley,San Francisco 49Ers,CB,3/25/1996,495000
Jake Elliott,Philadelphia Eagles,K,1/21/1995,645000
Brian Burns,Carolina Panthers,OLB,4/23/1998,495000
Isaiah Irving,Chicago Bears,OLB,6/9/1994,645000
Michael Badgley,Los Angeles Chargers,K,7/28/1995,570000
Anthony Levine,Baltimore Ravens,SS,3/27/1987,1500000
Landon Collins,Washington Redskins,SS,1/10/1994,1000000
Elijah Wilkinson,Denver Broncos,OT,2/10/1995,645000
Demarcus Lawrence,Dallas Cowboys,DE,4/28/1992,1500000
L.J. Collier,Seattle Seahawks,DE,9/12/1995,495000
Carlos Watkins,Houston Texans,DE,12/5/1993,645000
Marquez Valdes-Scantling,Green Bay Packers,WR,10/10/1994,570000
Michael Bennett,Atlanta Falcons,DT,2/24/1993,3000000
David Blough,Detroit Lions,QB,7/31/1995,495000
Sean Harlow,Atlanta Falcons,G,3/28/1995,570000
Daeshon Hall,Philadelphia Eagles,DE,6/14/1995,645000
Prince Amukamara,Chicago Bears,CB,6/6/1989,8500000
Andrew Brown,Cincinnati Bengals,DE,12/30/1995,495000
Greg Mabin,Cincinnati Bengals,CB,6/25/1994,645000
Matt Ryan,Atlanta Falcons,QB,5/17/1985,2750000
Najee Goode,Jacksonville Jaguars,ILB,6/4/1989,805000
Fabian Moreau,Washington Redskins,CB,4/9/1994,684000
Dalyn Dawkins,Tennessee Titans,RB,12/12/1994,570000
Matt Breida,San Francisco 49Ers,RB,2/28/1995,645000
K'Waun Williams,San Francisco 49Ers,CB,7/12/1991,1550000
Devante Bond,Chicago Bears,OLB,7/3/1993,645000
Alec Ogletree,New York Giants,ILB,9/25/1991,4000000
Marcus Epps,Philadelphia Eagles,FS,1/27/1996,670000
Gareon Conley,Houston Texans,CB,6/29/1995,1416584
Cole Luke,Carolina Panthers,CB,6/30/1995,495000
Antoine Bethea,New York Giants,FS,7/27/1984,1725000
Alex Light,Green Bay Packers,G,5/2/1996,570000
Devonta Freeman,Atlanta Falcons,RB,3/15/1992,3750000
Maurice Alexander,Buffalo Bills,OLB,2/16/1991,850000
Gerald McCoy,Carolina Panthers,DE,2/25/1988,3000000
Mike Pouncey,Los Angeles Chargers,C,7/24/1989,6000000
Brennan Scarlett,Houston Texans,OLB,7/31/1993,2025000
Braden Smith,Indianapolis Colts,OT,3/25/1996,806986
Willie Snead,Baltimore Ravens,WR,10/17/1992,3000000
Caleb Brantley,Washington Redskins,DE,9/2/1994,645000
Mitch Morse,Buffalo Bills,C,4/21/1992,4400000
Grover Stewart,Indianapolis Colts,NT,10/20/1993,645000
D'Ernest Johnson,Cleveland Browns,RB,2/27/1996,495000
Sean Lee,Dallas Cowboys,OLB,7/22/1986,2000000
Kingsley Keke,Green Bay Packers,DE,9/26/1996,495000
Brandin Cooks,Los Angeles Rams,WR,9/25/1993,1000000
Trai Turner,Carolina Panthers,G,6/14/1993,5297000
Curtis Samuel,Carolina Panthers,WR,8/11/1996,1051698
Trayveon Williams,Cincinnati Bengals,RB,10/18/1997,495000
Carl Lawson,Cincinnati Bengals,DE,6/29/1995,645000
Austin Blythe,Los Angeles Rams,C,6/16/1992,2025000
Kolton Miller,Oakland Raiders,OT,9/2/1995,1092333
Denico Autry,Indianapolis Colts,DT,7/15/1990,3500000
Ryan Hunter,Kansas City Chiefs,G,4/1/1995,495000
Dexter Lawrence,New York Giants,DE,11/12/1997,495000
Greg Olsen,Carolina Panthers,TE,3/11/1985,1900000
Kevin Zeitler,New York Giants,G,3/8/1990,10000000
Deandre Carter,Houston Texans,WR,4/10/1993,570000
Chris Reed,Carolina Panthers,C,7/22/1992,1000000
Johnson Bademosi,New Orleans Saints,CB,7/23/1990,2500000
Nyheim Hines,Indianapolis Colts,RB,11/12/1996,570000
Coleman Shelton,Los Angeles Rams,C,7/28/1995,495000
Mychal Kendricks,Seattle Seahawks,OLB,9/28/1990,2000000
Mason Schreck,Cincinnati Bengals,TE,11/4/1993,645000
Tanner Hudson,Tampa Bay Buccaneers,TE,11/12/1994,570000
Shamar Stephen,Minnesota Vikings,DT,2/25/1991,900000
Tim Settle,Washington Redskins,NT,7/11/1997,570000
Steven Parker,Miami Dolphins,FS,12/14/1995,495000
Brooks Reed,Arizona Cardinals,OLB,2/25/1987,1125000
Chris Lindstrom,Atlanta Falcons,G,2/8/1997,495000
Tyrell Williams,Oakland Raiders,WR,2/12/1992,5000000
Blake Countess,New York Jets,SS,8/8/1993,2025000
Ben Gedeon,Minnesota Vikings,OLB,10/16/1994,645000
Bobby Wagner,Seattle Seahawks,ILB,6/27/1990,10500000
Darius Slay,Detroit Lions,CB,1/1/1991,12550000
Davontae Harris,Denver Broncos,CB,1/21/1995,570000
Jermaine Grace,Cleveland Browns,ILB,11/8/1993,570000
Malcolm Brown,Los Angeles Rams,RB,5/16/1993,1000000
Richie James,San Francisco 49Ers,WR,9/5/1995,570000
Josh Mauro,Oakland Raiders,DE,2/17/1991,900000
Mitchell Loewen,New Orleans Saints,DE,2/14/1993,570000
Shaq Mason,New England Patriots,G,8/28/1993,4000000
Tyler Ervin,Green Bay Packers,RB,10/7/1993,720000
Jerome Cunningham,Washington Redskins,TE,5/25/1991,645000
Giovani Bernard,Cincinnati Bengals,RB,11/22/1991,3400000
Eddie Goldman,Chicago Bears,NT,1/6/1994,2250000
Dallin Leavitt,Oakland Raiders,SS,8/8/1994,495000
Linden Stephens,Miami Dolphins,CB,3/21/1995,495000
Sheldrick Redwine,Cleveland Browns,FS,11/6/1996,800000
Marquis Haynes,Carolina Panthers,OLB,12/16/1993,570000
Von Miller,Denver Broncos,OLB,2/10/1989,17000000
Jack Doyle,Indianapolis Colts,TE,5/5/1990,5150000
Adrian Colbert,Miami Dolphins,SS,10/6/1993,645000
Ryan Allen,Atlanta Falcons,P,2/28/1990,900000
Codey McElroy,Tampa Bay Buccaneers,TE,12/13/1992,495000
Colt McCoy,Washington Redskins,QB,9/5/1986,3000000
Kahzin Daniels,Tampa Bay Buccaneers,OLB,10/26/1995,495000
Chandler Cox,Miami Dolphins,FB,7/29/1996,495000
Alec Ingold,Oakland Raiders,FB,7/9/1996,495000
Olivier Vernon,Cleveland Browns,DE,10/7/1990,15250000
Sean Chandler,New York Giants,SS,4/27/1996,570000
Neville Hewitt,New York Jets,ILB,4/6/1993,1000000
Khalil Mack,Chicago Bears,OLB,2/22/1991,2300000
Alex Cappa,Tampa Bay Buccaneers,G,1/27/1995,615000
Jomal Wiltz,Miami Dolphins,CB,10/23/1994,495000
Lane Johnson,Philadelphia Eagles,OT,5/8/1990,805000
Brian Allen,Seattle Seahawks,CB,10/21/1993,570000
Justin Watson,Tampa Bay Buccaneers,WR,4/4/1995,570000
Bobby Hart,Cincinnati Bengals,OT,8/21/1994,900000
Dontrelle Inman,Indianapolis Colts,WR,1/31/1989,805000
Cory Littleton,Los Angeles Rams,ILB,11/18/1993,3095000
George Kittle,San Francisco 49Ers,TE,10/9/1993,645000
Cooper Rush,Dallas Cowboys,QB,11/21/1993,645000
Will Redmond,Green Bay Packers,FS,12/28/1993,570000
Will Fuller,Houston Texans,WR,4/16/1994,1836043
Austin Reiter,Kansas City Chiefs,C,11/27/1991,975000
Phillip Lindsay,Denver Broncos,RB,7/24/1994,570000
Melvin Gordon,Los Angeles Chargers,RB,4/13/1993,5605000
Dalvin Cook,Minnesota Vikings,RB,8/10/1995,1042576
Bobby Massie,Chicago Bears,OT,8/1/1989,2400000
Lorenzo Carter,New York Giants,OLB,12/10/1995,665613
Deon Bush,Chicago Bears,FS,8/14/1993,720000
Steven Nelson,Pittsburgh Steelers,CB,1/22/1993,1500000
Scott Quessenberry,Los Angeles Chargers,C,3/23/1995,570000
Isaiah Mack,Tennessee Titans,DT,3/19/1996,495000
Siran Neal,Buffalo Bills,CB,8/4/1994,570000
Morgan Burnett,Cleveland Browns,SS,1/13/1989,1000000
Cassius Marsh,Arizona Cardinals,OLB,7/7/1992,850000
Leonard Floyd,Chicago Bears,OLB,9/8/1992,2602208
Greg Little,Carolina Panthers,OT,11/4/1997,495000
Phillip Dorsett,New England Patriots,WR,12/3/1992,1500000
Kenny Stills,Houston Texans,WR,4/22/1992,7975000
Roderick Johnson,Houston Texans,OT,11/28/1995,570000
Miles Brown,Arizona Cardinals,NT,9/4/1997,495000
Danny Amendola,Detroit Lions,WR,11/2/1985,4250000
Tyler Ott,Seattle Seahawks,LS,2/21/1986,645000
Jerell Adams,New Orleans Saints,TE,12/31/1992,645000
Dan Bailey,Minnesota Vikings,K,1/26/1988,1000000
Dontavius Russell,Jacksonville Jaguars,NT,9/18/1995,495000
Grant Haley,New York Giants,DB,1/6/1996,570000
Chris Wormley,Baltimore Ravens,DE,10/25/1993,736000
Jared Cook,New Orleans Saints,TE,4/7/1987,2000000
Aldrick Rosas,New York Giants,K,12/30/1994,645000
Natrell Jamerson,Carolina Panthers,SS,12/15/1995,570000
Jullian Taylor,San Francisco 49Ers,DT,1/30/1995,570000
Mike Remmers,New York Giants,OT,4/11/1989,1125000
Matt Gono,Atlanta Falcons,OT,5/10/1996,570000
Dwayne Washington,New Orleans Saints,RB,4/24/1994,720000
Olamide Zaccheaus,Atlanta Falcons,WR,7/23/1997,495000
Mike Williams,Los Angeles Chargers,WR,10/4/1994,2260448
Jamal Adams,New York Jets,SS,10/17/1995,645000
Pete Robertson,Washington Redskins,OLB,12/12/1992,570000
Damarious Randall,Cleveland Browns,FS,9/18/1992,9069000
Curtis Riley,Oakland Raiders,FS,7/18/1992,720000
Patrick Peterson,Arizona Cardinals,CB,7/11/1990,11000000
Daniel Ekuale,Cleveland Browns,DT,1/13/1994,495000
Chuck Clark,Baltimore Ravens,SS,4/19/1995,645000
Quincy Wilson,Indianapolis Colts,CB,8/16/1995,989207
Kyle Van Noy,New England Patriots,LB,6/19/1990,4250000
Austin Carr,New Orleans Saints,WR,12/25/1993,645000
Micah Hyde,Buffalo Bills,FS,12/31/1990,3950000
Daniel Brunskill,San Francisco 49Ers,TE,1/27/1994,495000
Darrius Shepherd,Green Bay Packers,WR,11/1/1995,495000
Le'Veon Bell,New York Jets,RB,2/18/1992,2000000
John Ross,Cincinnati Bengals,WR,11/27/1994,2020988
Nick Allegretti,Kansas City Chiefs,C,4/21/1996,495000
Evan Boehm,Miami Dolphins,C,8/19/1993,3095000
Clay Matthews,Los Angeles Rams,OLB,5/14/1986,3000000
Cam Sims,Washington Redskins,WR,1/6/1996,495000
De'Anthony Thomas,Baltimore Ravens,WR,1/5/1993,805000
Devin Bush,Pittsburgh Steelers,ILB,7/18/1998,495000
Latavius Murray,New Orleans Saints,RB,2/21/1991,1000000
Josh Woods,Chicago Bears,ILB,7/1/1996,495000
Terrell Suggs,Kansas City Chiefs,DE,10/11/1982,3000000
Cedric Ogbuehi,Jacksonville Jaguars,OT,4/25/1992,805000
Aaron Lynch,Chicago Bears,OLB,3/8/1993,1000000
Leonard Fournette,Jacksonville Jaguars,RB,1/18/1995,2933258
Jeffery Simmons,Tennessee Titans,DE,7/28/1997,495000
Clayton Geathers,Indianapolis Colts,SS,6/1/1992,1250000
Daryl Williams,Carolina Panthers,G,8/31/1992,2250000
Eric Kendricks,Minnesota Vikings,ILB,6/15/1993,4150000
Will Clapp,New Orleans Saints,C,12/10/1995,570000
Trenton Scott,Los Angeles Chargers,OT,1/25/1994,570000
Rakeem Nunez-Roches,Tampa Bay Buccaneers,DE,7/3/1993,805000
Beau Brinkley,Tennessee Titans,LS,1/25/1990,1250000
Oday Aboushi,Detroit Lions,G,6/5/1991,1000000
Taylor Gabriel,Chicago Bears,WR,2/17/1991,5500000
Dre Kirkpatrick,Cincinnati Bengals,CB,10/26/1989,9150000
Derrick Henry,Tennessee Titans,RB,7/17/1994,1187445
Avonte Maddox,Philadelphia Eagles,CB,3/31/1996,570000
Trumaine Johnson,New York Jets,CB,1/1/1990,8000000
Nick Chubb,Cleveland Browns,RB,12/27/1995,815595
Boston Scott,Philadelphia Eagles,RB,4/27/1995,570000
Trey Hopkins,Cincinnati Bengals,C,7/6/1992,3095000
Chidobe Awuzie,Dallas Cowboys,CB,5/24/1995,854417
Dee Ford,San Francisco 49Ers,DE,3/19/1991,4750000
Marlon Mack,Indianapolis Colts,RB,3/7/1996,645000
JK Scott,Green Bay Packers,P,10/30/1995,570000
Ryan Succop,Tennessee Titans,K,9/19/1986,2500000
Xavier Williams,Kansas City Chiefs,DT,1/18/1992,2257000
Jayon Brown,Tennessee Titans,ILB,2/26/1995,645000
Chris Clark,Houston Texans,OT,10/1/1985,930000
Jonathan Jones,New England Patriots,CB,9/20/1993,3095000
Jerry Tillery,Los Angeles Chargers,DT,10/8/1996,495000
Justin Britt,Seattle Seahawks,C,5/29/1991,4500000
Montravius Adams,Green Bay Packers,NT,7/24/1995,671000
Allen Robinson,Chicago Bears,WR,8/24/1993,9900000
Brandon Carr,Baltimore Ravens,CB,5/19/1986,4500000
Damon Harrison,Detroit Lions,DT,11/29/1988,6750000
Frank Clark,Kansas City Chiefs,DE,6/14/1993,805000
Jaquan Johnson,Buffalo Bills,SS,11/13/1995,495000
Laquon Treadwell,Minnesota Vikings,WR,6/14/1995,1804770
Bradley Roby,Houston Texans,CB,5/1/1992,5000000
Mark Glowinski,Indianapolis Colts,G,5/3/1992,1500000
Devine Ozigbo,Jacksonville Jaguars,RB,10/2/1996,495000
Paul Worrilow,New York Jets,ILB,5/1/1990,805000
Kyzir White,Los Angeles Chargers,ILB,3/24/1996,570000
Mike Edwards,Tampa Bay Buccaneers,FS,5/18/1996,495000
Adam Humphries,Tennessee Titans,WR,1/24/1993,2000000
Dustin Hopkins,Washington Redskins,K,10/1/1990,2275000
Budda Baker,Arizona Cardinals,FS,1/10/1996,1085910
Philip Rivers,Los Angeles Chargers,QB,12/8/1981,11000000
Rolan Milligan,Indianapolis Colts,FS,8/16/1994,495000
Eric Kush,Cleveland Browns,G,9/9/1989,1100000
Jamize Olawale,Dallas Cowboys,FB,4/17/1989,1000000
Vyncint Smith,New York Jets,WR,6/9/1996,570000
Britton Colquitt,Minnesota Vikings,P,3/20/1985,2700000
Harvey Langi,New York Jets,OLB,9/24/1992,570000
Jordan Hicks,Arizona Cardinals,ILB,10/14/1991,2000000
David Onyemata,New Orleans Saints,DT,11/13/1992,2025000
Courtland Sutton,Denver Broncos,WR,10/10/1995,790996
DaQuan Jones,Tennessee Titans,NT,12/17/1991,6000000
Charles Harris,Miami Dolphins,OLB,3/6/1995,1450794
Tevin Coleman,San Francisco 49Ers,RB,4/16/1993,1550000
Marcus Williams,New Orleans Saints,FS,9/8/1996,1032313
Brandon Zylstra,Carolina Panthers,WR,3/25/1993,570000
James White,New England Patriots,RB,2/3/1992,2500000
Da'mari Scott,New York Giants,WR,8/8/1995,570000
John Brown,Buffalo Bills,WR,4/3/1990,3800000
Dustin Colquitt,Kansas City Chiefs,P,5/6/1982,2450000
Kaare Vedvik,Cincinnati Bengals,K,3/16/1994,570000
Oshane Ximines,New York Giants,OLB,12/5/1996,495000
Cameron Jordan,New Orleans Saints,DE,7/10/1989,8000000
Denzel Ward,Cleveland Browns,CB,4/28/1997,1805698
Chris Thompson,San Francisco 49Ers,WR,5/9/1994,2750000
Adrian Amos,Green Bay Packers,FS,4/29/1993,1250000
Nate Hairston,New York Jets,CB,6/30/1994,645000
Julian Love,New York Giants,FS,3/19/1998,495000
Luke Kuechly,Carolina Panthers,ILB,4/20/1991,10000059
Tre Flowers,Seattle Seahawks,CB,6/2/1995,570000
Greg Zuerlein,Los Angeles Rams,K,12/27/1987,2325000
Dean Marlowe,Buffalo Bills,SS,7/25/1992,645000
Robert Woods,Los Angeles Rams,WR,4/10/1992,6000000
Tyler Shatley,Jacksonville Jaguars,G,5/5/1991,805000
Darwin Thompson,Kansas City Chiefs,RB,2/12/1997,495000
Mackensie Alexander,Minnesota Vikings,CB,11/12/1993,1038587
Jordan Wilkins,Indianapolis Colts,RB,7/18/1994,570000
Chris Banjo,Arizona Cardinals,FS,2/26/1990,850000
Quinton Jefferson,Seattle Seahawks,DT,3/31/1993,2025000
Vernon Davis,Washington Redskins,TE,1/31/1984,4750000
Alex Lewis,New York Jets,G,4/21/1992,2025000
Tom Brady,New England Patriots,QB,8/3/1977,14000000
Nick Williams,Chicago Bears,DT,2/21/1990,805000
Dan Skipper,Detroit Lions,OT,9/20/1994,495000
Kamalei Correa,Tennessee Titans,OLB,11/30/1994,1234043
Jaquiski Tartt,San Francisco 49Ers,SS,2/18/1992,3000000
Denzel Perryman,Los Angeles Chargers,ILB,11/16/1994,850000
Brett Hundley,Arizona Cardinals,QB,6/15/1993,1125000
Austin Calitro,Jacksonville Jaguars,OLB,1/10/1994,570000
Lerentee McCray,Jacksonville Jaguars,DE,8/26/1990,2000000
Zach Banner,Pittsburgh Steelers,OT,12/25/1993,645000
Simeon Thomas,Washington Redskins,CB,9/22/1993,495000
Terrell Edmunds,Pittsburgh Steelers,SS,1/20/1997,966263
Patrick DiMarco,Buffalo Bills,FB,3/26/1989,1600000
Austin Johnson,Tennessee Titans,NT,5/8/1994,1222122
Patrick Omameh,New Orleans Saints,G,12/29/1989,805000
Gabe Jackson,Oakland Raiders,G,7/12/1991,6750000
Nick Dzubnar,Los Angeles Chargers,OLB,8/15/1991,1375000
Alex Erickson,Cincinnati Bengals,WR,11/6/1992,1400000
Zach Triner,Tampa Bay Buccaneers,LS,1/30/1991,495000
Andrew Whitworth,Los Angeles Rams,OT,12/12/1981,10250000
Craig Robertson,New Orleans Saints,OLB,2/11/1988,1000000
Peter Kalambayi,Houston Texans,ILB,6/26/1995,570000
Connor Williams,Dallas Cowboys,G,5/12/1997,729500
Marcedes Lewis,Green Bay Packers,TE,5/19/1984,1050000
Cameron Erving,Kansas City Chiefs,OT,8/23/1992,1450000
Jake Kumerow,Green Bay Packers,WR,2/17/1992,570000
Will Hernandez,New York Giants,G,9/2/1995,818670
Ian Thomas,Carolina Panthers,TE,6/6/1996,570000
Chris Jones,Arizona Cardinals,CB,8/13/1995,1800000
Trent Sherfield,Arizona Cardinals,WR,2/26/1996,570000
Eric Wilson,Minnesota Vikings,OLB,9/26/1994,645000
Johnny Hekker,Los Angeles Rams,P,2/8/1990,3250000
Mike Ford,Detroit Lions,CB,8/4/1995,570000
Michael Jordan,Cincinnati Bengals,G,1/25/1998,495000
Zack Martin,Dallas Cowboys,G,11/20/1990,10000000
Darrell Daniels,Arizona Cardinals,TE,11/22/1994,645000
Jordan Lucas,Kansas City Chiefs,SS,8/2/1993,2025000
Kyle Peko,Denver Broncos,NT,7/25/1993,645000
Alex Tanney,New York Giants,QB,11/11/1987,775000
Anthony Walker,Indianapolis Colts,ILB,8/8/1995,645000
Sammy Watkins,Kansas City Chiefs,WR,6/14/1993,11950000
Brian Hill,Atlanta Falcons,RB,11/9/1995,645000
Dalton Schultz,Dallas Cowboys,TE,7/11/1996,570000
Golden Tate,New York Giants,WR,8/2/1988,1975000
Brandon Facyson,Los Angeles Chargers,CB,9/8/1994,570000
Joseph Noteboom,Los Angeles Rams,G,6/19/1995,626626
Rashaad Coward,Chicago Bears,G,11/6/1994,645000
Mark Walton,Miami Dolphins,RB,3/29/1997,495000
Alex Armah,Carolina Panthers,RB,5/17/1994,645000
Everson Griffen,Minnesota Vikings,DE,12/22/1987,6400000
Ray-Ray McCloud,Buffalo Bills,WR,10/15/1996,570000
Kerry Hyder,Dallas Cowboys,DE,5/2/1991,700000
Brett Jones,Minnesota Vikings,C,7/29/1991,720000
Kyle Love,Carolina Panthers,NT,11/18/1986,930000
Shaquill Griffin,Seattle Seahawks,CB,7/20/1995,680000
Jeff Heuerman,Denver Broncos,TE,12/7/1994,2000000
Mecole Hardman,Kansas City Chiefs,WR,3/12/1998,495000
Michael Ola,New Orleans Saints,OT,4/19/1988,805000
Damion Ratley,Cleveland Browns,WR,4/16/1995,570000
Garrett Dickerson,New York Giants,TE,12/30/1995,570000
Joe Haden,Pittsburgh Steelers,CB,4/14/1989,10000000
Eric Weddle,Los Angeles Rams,FS,1/4/1985,4250524
Rashaan Gaulden,New York Giants,CB,1/23/1995,595250
Xavier Rhodes,Minnesota Vikings,CB,6/19/1990,10400000
Jamie Gillan,Cleveland Browns,P,7/4/1997,495000
Russell Wilson,Seattle Seahawks,QB,11/29/1988,5000000
Nick Sundberg,Washington Redskins,LS,7/29/1987,930000
Folorunso Fatukasi,New York Jets,NT,3/4/1995,570000
Nick Martin,Houston Texans,C,11/30/1992,1101133
Jeremy Sprinkle,Washington Redskins,TE,8/10/1994,645000
Chauncey Gardner-Johnson,New Orleans Saints,SS,12/20/1997,495000
Cooper Kupp,Los Angeles Rams,WR,6/15/1993,811000
Phillip Gaines,Houston Texans,CB,4/4/1991,805000
Paul Perkins,Jacksonville Jaguars,RB,11/16/1994,720000
Stefon Diggs,Minnesota Vikings,WR,11/29/1993,8900000
Anthony Nelson,Tampa Bay Buccaneers,OLB,3/4/1997,495000
Mike Boone,Minnesota Vikings,RB,6/30/1995,570000
Matt Judon,Baltimore Ravens,OLB,8/15/1992,2025000
Foyesade Oluokun,Atlanta Falcons,OLB,8/2/1995,570000
Khari Willis,Indianapolis Colts,SS,5/7/1996,495000
Mitchell Schwartz,Kansas City Chiefs,OT,6/8/1989,6000000
Shaquem Griffin,Seattle Seahawks,OLB,7/20/1995,570000
Spencer Ware,Kansas City Chiefs,RB,11/23/1991,805000
Julio Jones,Atlanta Falcons,WR,2/3/1989,9600000
Markus Golden,New York Giants,OLB,3/13/1991,975000
Jamon Brown,Atlanta Falcons,G,3/15/1993,2500000
Chase Roullier,Washington Redskins,C,8/23/1993,645000
Demetrius Harris,Cleveland Browns,TE,7/29/1991,1250000
Kyle Rudolph,Minnesota Vikings,TE,11/9/1989,7275000
Wesley Woodyard,Tennessee Titans,ILB,7/21/1986,2950000
Daren Bates,Tennessee Titans,ILB,11/27/1990,2050000
Brandon McManus,Denver Broncos,K,7/25/1991,2750000
Ronald Darby,Philadelphia Eagles,CB,1/2/1994,1000000
Fred Warner,San Francisco 49Ers,ILB,11/19/1996,663137
Michael Thomas,New Orleans Saints,WR,3/3/1993,1900000
Jaylen Samuels,Pittsburgh Steelers,RB,7/20/1996,570000
Trevon Wesco,New York Jets,TE,9/12/1995,495000
Jake McQuaide,Los Angeles Rams,LS,12/7/1987,930000
Ereck Flowers,Washington Redskins,G,4/25/1994,2000000
Xavier Woods,Dallas Cowboys,FS,7/26/1995,645000
William Gholston,Tampa Bay Buccaneers,DE,7/31/1991,3750000
Trevon Coley,Indianapolis Colts,DT,7/13/1994,645000
Michael Schofield,Los Angeles Chargers,G,11/15/1990,2000000
Korey Cunningham,New England Patriots,OT,5/17/1995,570000
Dennis Daley,Carolina Panthers,OT,8/7/1996,495000
Zak DeOssie,New York Giants,LS,5/24/1984,1030000
Chris Boswell,Pittsburgh Steelers,K,3/16/1991,1000000
Cole Beasley,Buffalo Bills,WR,4/26/1989,2200000
Deshaun Watson,Houston Texans,QB,9/14/1995,1724480
Justice Hill,Baltimore Ravens,RB,11/14/1997,812500
Kareem Jackson,Denver Broncos,SS,4/10/1988,3000000
Jarrod Wilson,Jacksonville Jaguars,FS,2/9/1994,1450000
Ryan Kalil,New York Jets,C,3/29/1985,2400000
Byron Murphy,Arizona Cardinals,CB,1/18/1998,495000
Patrick Mahomes,Kansas City Chiefs,QB,9/17/1995,645000
A.J. Moore,Houston Texans,SS,12/15/1995,570000
Jalen Reeves-Maybin,Detroit Lions,OLB,1/31/1995,645000
Jordan Kunaszyk,Carolina Panthers,ILB,10/15/1996,495000
Brandon Williams,Baltimore Ravens,DT,2/21/1989,9250000
Brian Allen,Los Angeles Rams,C,10/11/1995,570000
Russell Okung,Los Angeles Chargers,OT,10/7/1987,13000000
David Long,Los Angeles Rams,CB,2/6/1998,495000
Chukwuma Okorafor,Pittsburgh Steelers,OT,8/8/1997,620000
Caleb Benenoch,Detroit Lions,G,8/8/1994,2025000
Tyreek Hill,Kansas City Chiefs,WR,3/1/1994,1965036
Genard Avery,Philadelphia Eagles,DE,4/26/1995,570000
Ryan Switzer,Pittsburgh Steelers,WR,11/4/1994,645000
Cre'von Leblanc,Philadelphia Eagles,CB,7/25/1994,720000
Chris Lammons,Kansas City Chiefs,CB,1/31/1996,495000
Marcus Mariota,Tennessee Titans,QB,10/30/1993,20922000
Darren Waller,Oakland Raiders,TE,6/23/1992,720000
Kyler Fackrell,Green Bay Packers,OLB,11/25/1991,2010000
Rhett Ellison,New York Giants,TE,10/3/1988,4475000
Nathan Gerry,Philadelphia Eagles,OLB,2/23/1995,645000
Josh Robinson,Jacksonville Jaguars,CB,1/8/1991,805000
Anthony Barr,Minnesota Vikings,OLB,3/18/1992,2900000
Nick Scott,Los Angeles Rams,FS,5/17/1995,495000
Jason Sanders,Miami Dolphins,K,11/16/1995,570000
Fadol Brown,Chicago Bears,DE,4/15/1993,570000
Haason Reddick,Arizona Cardinals,ILB,9/22/1994,1690270
Dede Westbrook,Jacksonville Jaguars,WR,11/21/1993,645000
Laken Tomlinson,San Francisco 49Ers,G,2/9/1992,2000000
Kyle Allen,Carolina Panthers,QB,3/8/1996,495000
Rayshawn Jenkins,Los Angeles Chargers,FS,1/25/1994,645000
Timon Parris,Washington Redskins,OT,9/11/1995,495000
Natrez Patrick,Los Angeles Rams,OLB,7/9/1997,495000
Tyus Bowser,Baltimore Ravens,OLB,5/23/1995,971874
Khadarel Hodge,Cleveland Browns,WR,1/3/1995,570000
Senorise Perry,Buffalo Bills,RB,9/19/1991,720000
Kevin Johnson,Buffalo Bills,CB,8/5/1992,2000000
DeAndre Hopkins,Houston Texans,WR,6/6/1992,12500000
Marcus Cannon,New England Patriots,OT,5/6/1988,5500000
Daryl Worley,Oakland Raiders,CB,2/22/1995,3095000
Mark Fields,Minnesota Vikings,CB,10/10/1996,495000
Jordan Miller,Atlanta Falcons,CB,2/8/1997,495000
Ahkello Witherspoon,San Francisco 49Ers,CB,3/21/1995,815375
Jarran Reed,Seattle Seahawks,DT,12/16/1992,1116769
Montez Sweat,Washington Redskins,OLB,9/4/1996,495000
Marquise Blair,Seattle Seahawks,FS,7/18/1997,495000
Jonathan Williams,Indianapolis Colts,RB,2/2/1994,720000
Ben Niemann,Kansas City Chiefs,LB,7/27/1995,570000
Tyler Higbee,Los Angeles Rams,TE,1/1/1993,2025000
Jabaal Sheard,Indianapolis Colts,DE,5/10/1989,7500000
Cornell Armstrong,Houston Texans,CB,9/22/1995,570000
Adrian Peterson,Washington Redskins,RB,3/21/1985,1030000
Brandon Mebane,Los Angeles Chargers,NT,1/15/1985,1050000
Richie Incognito,Oakland Raiders,G,7/5/1983,1030000
Kyler Murray,Arizona Cardinals,QB,8/7/1997,495000
Angelo Blackson,Houston Texans,DE,11/14/1992,2000000
M.J. Stewart,Tampa Bay Buccaneers,CB,9/16/1995,711051
Malik Jefferson,Los Angeles Chargers,OLB,11/15/1996,635000
Joe Walker,Arizona Cardinals,ILB,12/11/1992,645000
Justin Pugh,Arizona Cardinals,G,8/15/1990,5000000
Tre'Quan Smith,New Orleans Saints,WR,1/7/1996,616500
Jordan Whitehead,Tampa Bay Buccaneers,SS,3/18/1997,570000
Ross Cockrell,Carolina Panthers,CB,8/6/1991,2300000
Kemal Ishmael,Atlanta Falcons,SS,5/6/1991,805000
Raheem Mostert,San Francisco 49Ers,RB,4/9/1992,1400000
Tyler Boyd,Cincinnati Bengals,WR,11/15/1994,980769
Michael Brockers,Los Angeles Rams,DE,12/21/1990,7777777
Rashaan Melvin,Detroit Lions,CB,10/2/1989,1300000
Sam Beal,New York Giants,CB,8/30/1996,665559
Josh Andrews,Indianapolis Colts,C,6/21/1991,720000
Joshua Perkins,Philadelphia Eagles,TE,8/5/1993,645000
Jamil Douglas,Tennessee Titans,C,2/28/1992,570000
Brandon Scherff,Washington Redskins,G,12/26/1991,12525000
Joe Cardona,New England Patriots,LS,4/16/1992,805000
Jourdan Lewis,Dallas Cowboys,CB,8/31/1995,675000
Anthony Castonzo,Indianapolis Colts,OT,8/9/1988,6250000
Josh Allen,Jacksonville Jaguars,DE,7/13/1997,570000
Kyle Nelson,San Francisco 49Ers,LS,10/3/1986,601765
Kareem Martin,New York Giants,OLB,2/19/1992,3250000
Quandre Diggs,Seattle Seahawks,FS,9/20/1991,2657000
Austin Ekeler,Los Angeles Chargers,RB,5/17/1995,645000
Reggie Ragland,Kansas City Chiefs,LB,9/24/1993,1196551
Brandon Dillon,Minnesota Vikings,TE,4/30/1997,495000
Pat Elflein,Minnesota Vikings,C,7/6/1994,809500
Terron Armstead,New Orleans Saints,OT,7/23/1991,10700000
Ryan Grant,Green Bay Packers,WR,12/19/1990,805000
Cody Hollister,Tennessee Titans,WR,11/18/1993,645000
J'Marcus Webb,Miami Dolphins,OT,8/8/1988,930000
Jimmy Graham,Green Bay Packers,TE,11/24/1986,3450000
Morris Claiborne,Kansas City Chiefs,CB,2/7/1990,1080000
Anthony Firkser,Tennessee Titans,TE,2/19/1995,570000
Lorenzo Alexander,Buffalo Bills,OLB,5/31/1983,2000000
Ike Boettger,Buffalo Bills,G,10/5/1994,570000
Kentavius Street,San Francisco 49Ers,DT,5/8/1996,495000
Noah Spence,New Orleans Saints,DE,1/8/1994,1273132
Chris Conley,Jacksonville Jaguars,WR,10/25/1992,805000
Jamison Crowder,New York Jets,WR,6/17/1993,1500000
Andy Dalton,Cincinnati Bengals,QB,10/29/1987,16000000
Uchenna Nwosu,Los Angeles Chargers,OLB,12/28/1996,741799
Ty Montgomery,New York Jets,RB,1/22/1993,805000
Justin Jackson,Los Angeles Chargers,RB,4/22/1996,570000
Jeff Heath,Dallas Cowboys,SS,5/14/1991,2000000
Eli Ankou,Cleveland Browns,DT,6/8/1994,645000
Danielle Hunter,Minnesota Vikings,DE,6/15/1993,9400000
Morgan Cox,Baltimore Ravens,LS,4/26/1986,1000000
Vincent Taylor,Buffalo Bills,DT,1/5/1994,645000
Jason Vander Laan,New Orleans Saints,TE,9/22/1992,570000
Ty Nsekhe,Buffalo Bills,OT,10/27/1985,3200000
Anthony Brown,Dallas Cowboys,CB,12/15/1993,2025000
Dennis Gardeck,Arizona Cardinals,ILB,8/9/1994,570000
Alexander Johnson,Denver Broncos,ILB,12/24/1991,570000
Andy Lee,Arizona Cardinals,P,8/11/1982,2000000
Zay Jones,Oakland Raiders,WR,3/30/1995,1081348
Michael Dogbe,Arizona Cardinals,DE,5/5/1996,495000
Michael Pierce,Baltimore Ravens,NT,11/6/1992,3095000
Zach Line,New Orleans Saints,FB,4/26/1990,850000
Juston Burris,Cleveland Browns,SS,8/4/1993,645000
Dane Cruikshank,Tennessee Titans,SS,4/27/1995,570000
Nick Boyle,Baltimore Ravens,TE,2/17/1993,1000000
Nick Easton,New Orleans Saints,C,6/16/1992,2000000
Joe Thuney,New England Patriots,G,11/30/1992,1995000
Morgan Fox,Los Angeles Rams,DE,9/12/1994,645000
Ricky Wagner,Detroit Lions,OT,10/20/1989,9000000
Geno Atkins,Cincinnati Bengals,DT,3/28/1988,8000000
Donovan Wilson,Dallas Cowboys,SS,3/14/1997,495000
Dallas Goedert,Philadelphia Eagles,TE,1/3/1995,735649
Andrew Billings,Cincinnati Bengals,NT,3/6/1995,720000
Breshad Perriman,Tampa Bay Buccaneers,WR,9/10/1993,2000000
Mike Hilton,Pittsburgh Steelers,CB,3/9/1994,645000
Tony Bergstrom,Washington Redskins,C,8/8/1986,805000
Kaleb McGary,Atlanta Falcons,OT,2/22/1995,495000
Pierre Desir,Indianapolis Colts,CB,9/8/1990,1000000
D.K. Metcalf,Seattle Seahawks,WR,12/14/1997,495000
Matthew Orzech,Jacksonville Jaguars,LS,4/12/1995,495000
Troymaine Pope,Los Angeles Chargers,RB,11/29/1993,645000
Nicholas Morrow,Oakland Raiders,OLB,7/10/1995,645000
Morgan Moses,Washington Redskins,OT,3/3/1991,4750000
Jamarco Jones,Seattle Seahawks,G,6/4/1996,495000
Blessuan Austin,New York Jets,CB,7/19/1996,495000
Ben Braunecker,Chicago Bears,TE,2/7/1994,750000
Jamaal Williams,Green Bay Packers,RB,4/3/1995,645000
Tavon Wilson,Detroit Lions,SS,3/19/1990,1000000
Dan Arnold,Arizona Cardinals,TE,3/15/1995,570000
Malcolm Smith,Dallas Cowboys,OLB,7/5/1989,1200000
Olasunkanmi Adeniyi,Pittsburgh Steelers,OLB,9/12/1997,570000
James Washington,Pittsburgh Steelers,WR,4/2/1996,684607
Kevin Pierre-Louis,Chicago Bears,ILB,10/7/1991,805000
Ryan Jensen,Tampa Bay Buccaneers,C,5/27/1991,10000000
Riley Ridley,Chicago Bears,WR,7/26/1997,495000
Delano Hill,Seattle Seahawks,SS,11/26/1995,678000
Elijah Lee,San Francisco 49Ers,OLB,2/8/1996,645000
Cordarrelle Patterson,Chicago Bears,WR,3/17/1991,3000000
Holton Hill,Minnesota Vikings,CB,3/28/1997,435882
Nick Mullens,San Francisco 49Ers,QB,3/21/1995,570000
Shaquil Barrett,Tampa Bay Buccaneers,OLB,11/17/1992,1000000
Corn Elder,Carolina Panthers,CB,10/9/1994,645000
Chris Jones,Kansas City Chiefs,NT,7/3/1994,1800000
Randy Bullock,Cincinnati Bengals,K,12/16/1989,1475000
Gerald Everett,Los Angeles Rams,TE,6/25/1994,1014497
Jatavis Brown,Los Angeles Chargers,OLB,2/18/1993,2025000
James Vaughters,Chicago Bears,OLB,6/27/1993,495000
Marquise Brown,Baltimore Ravens,WR,6/4/1997,495000
Garrett Gilbert,Cleveland Browns,QB,7/1/1991,570000
Deforest Buckner,San Francisco 49Ers,DT,3/17/1994,720000
Matt Pryor,Philadelphia Eagles,G,12/16/1994,570000
Eli Apple,New Orleans Saints,CB,8/9/1995,2516225
Josh Hill,New Orleans Saints,TE,5/21/1990,850000
Austin Bryant,Detroit Lions,DE,11/12/1996,495000
Mike Purcell,Denver Broncos,NT,4/20/1991,645000
Andre James,Oakland Raiders,C,5/2/1997,495000
Harrison Smith,Minnesota Vikings,SS,2/2/1989,8350000
Tom Compton,New York Jets,G,5/10/1989,1410000
Chad Williams,Indianapolis Colts,WR,10/19/1994,671500
Stephon Gilmore,New England Patriots,CB,9/19/1990,1000000
Kendall Fuller,Kansas City Chiefs,CB,2/13/1995,2025000
Ben Jones,Tennessee Titans,C,7/2/1989,4500000
Brent Urban,Chicago Bears,DT,5/5/1991,850000
Josh Lambo,Jacksonville Jaguars,K,11/19/1990,1000000
Ben Koyack,Jacksonville Jaguars,TE,4/9/1993,720000
John Kelly,Los Angeles Rams,RB,10/4/1996,570000
Elijhaa Penny,New York Giants,RB,8/17/1993,645000
Poona Ford,Seattle Seahawks,DT,11/19/1995,570000
Diontae Spencer,Denver Broncos,WR,3/19/1992,495000
Eric Smith,New York Giants,OT,9/2/1995,570000
Nate Herbig,Philadelphia Eagles,C,10/7/1994,495000
Chase Winovich,New England Patriots,DE,4/19/1995,495000
Damion Willis,Cincinnati Bengals,WR,6/20/1997,495000
Roy Robertson-Harris,Chicago Bears,DT,7/23/1993,645000
Rick Lovato,Philadelphia Eagles,LS,9/9/1992,720000
De'Lance Turner,Miami Dolphins,RB,8/23/1995,570000
Luke Gifford,Dallas Cowboys,OLB,8/28/1995,495000
Hunter Renfrow,Oakland Raiders,WR,12/21/1995,707500
Donte Deayon,Los Angeles Rams,CB,1/28/1994,645000
Tavon Austin,Dallas Cowboys,WR,3/15/1991,1000000
Chester Rogers,Indianapolis Colts,WR,1/12/1994,3095000
Saquan Hampton,New Orleans Saints,FS,12/12/1995,495000
Daniel Carlson,Oakland Raiders,K,1/23/1995,570000
Billy Turner,Green Bay Packers,G,10/17/1991,1350000
Chase Daniel,Chicago Bears,QB,10/7/1986,4000000
Will Parks,Denver Broncos,FS,7/29/1994,2025000
Zach Ertz,Philadelphia Eagles,TE,10/10/1990,8000000
Greg Van Roten,Carolina Panthers,G,2/26/1990,805000
Duke Williams,Buffalo Bills,WR,5/13/1992,495000
Jared Goff,Los Angeles Rams,QB,10/14/1994,4259683
Carroll Phillips,Atlanta Falcons,DE,9/2/1992,645000
Seth DeValve,Jacksonville Jaguars,TE,1/29/1993,720000
Brandon Shell,New York Jets,OT,2/6/1992,2025000
Joe Giles-Harris,Jacksonville Jaguars,ILB,4/1/1997,495000
Bryan Mone,Seattle Seahawks,DT,10/20/1995,495000
Terry McLaurin,Washington Redskins,WR,4/15/1996,495000
Deadrin Senat,Atlanta Falcons,DT,7/22/1994,622000
Jason Verrett,San Francisco 49Ers,CB,5/13/1991,1100000
David Mayo,New York Giants,ILB,8/18/1993,850000
Thomas Hennessy,New York Jets,LS,6/11/1994,645000
Zach Sieler,Miami Dolphins,DE,9/7/1995,570000
Ross Dwelley,San Francisco 49Ers,TE,1/26/1995,570000
Dante Pettis,San Francisco 49Ers,WR,10/23/1995,770934
Javon Hargrave,Pittsburgh Steelers,NT,2/7/1993,2025000
Cameron Brate,Tampa Bay Buccaneers,TE,7/3/1991,7000000
Xavier Su'a-Filo,Dallas Cowboys,G,1/1/1991,805000
Ross Pierschbacher,Washington Redskins,C,5/5/1995,495000
Bud Dupree,Pittsburgh Steelers,OLB,2/12/1993,9232000
Amani Hooker,Tennessee Titans,FS,6/14/1998,495000
Denzelle Good,Oakland Raiders,G,3/8/1991,1000000
Jamel Dean,Tampa Bay Buccaneers,CB,10/15/1996,495000
Luke Willson,Seattle Seahawks,TE,1/15/1990,805000
Kris Boyd,Minnesota Vikings,CB,9/12/1996,495000
Tyrone Crawford,Dallas Cowboys,DE,11/22/1989,7000000
Hayden Hurst,Baltimore Ravens,TE,8/24/1993,981638
Mike Pennel,Kansas City Chiefs,DT,5/9/1991,1000000
Alejandro Villanueva,Pittsburgh Steelers,OT,9/22/1988,5000000
Connor McGovern,Denver Broncos,C,4/27/1993,2025000
Nelson Agholor,Philadelphia Eagles,WR,5/24/1993,9387000
Rasul Douglas,Philadelphia Eagles,CB,8/29/1995,670000
Rod Smith,Oakland Raiders,RB,1/10/1992,805000
Tae Davis,Cleveland Browns,OLB,8/14/1996,570000
Matt Skura,Baltimore Ravens,C,2/17/1993,645000
Colin Holba,New York Giants,LS,7/18/1994,645000
Joey Bosa,Los Angeles Chargers,DE,9/12/1994,720000
Amani Oruwariye,Detroit Lions,CB,2/9/1996,495000
Bryce Hager,Los Angeles Rams,ILB,2/14/1995,805000
Taiwan Jones,Houston Texans,RB,7/26/1988,930000
Rob Havenstein,Los Angeles Rams,OT,5/13/1992,2500000
Ken Webster,Miami Dolphins,CB,6/19/1996,495000
Alexander Johnson,Denver Broncos,ILB,12/24/1991,570000
Ed Oliver,Buffalo Bills,DT,12/12/1997,495000
Reid Ferguson,Buffalo Bills,LS,3/24/1994,700000
Thomas Morstead,New Orleans Saints,P,3/7/1986,2950000
Spencer Pulley,New York Giants,C,4/4/1993,975000
Dawuane Smoot,Jacksonville Jaguars,DE,3/2/1995,812500
Kyle Long,Chicago Bears,G,12/5/1988,2500000
Joe Mixon,Cincinnati Bengals,RB,7/24/1996,960470
Elgton Jenkins,Green Bay Packers,G,12/26/1995,495000
Bilal Nichols,Chicago Bears,DE,9/14/1996,570000
Henry Anderson,New York Jets,DE,8/3/1991,2000000
Fletcher Cox,Philadelphia Eagles,DT,12/13/1990,930000
Garrett Bradbury,Minnesota Vikings,C,6/20/1995,495000
Dak Prescott,Dallas Cowboys,QB,7/29/1993,2025000
Aaron Brewer,Arizona Cardinals,LS,7/5/1990,930000
Jordan Berry,Pittsburgh Steelers,P,3/18/1991,1150000
Dalton Risner,Denver Broncos,G,7/13/1995,495000
Akeem King,Seattle Seahawks,CB,8/29/1992,750000
Deandre Washington,Oakland Raiders,RB,2/22/1993,720000
Matt Feiler,Pittsburgh Steelers,OT,7/7/1992,645000
Joe Dahl,Detroit Lions,G,4/9/1993,720000
Wayne Gallman,New York Giants,RB,10/1/1994,645000
Levi Wallace,Buffalo Bills,CB,6/12/1995,570000
Dontari Poe,Carolina Panthers,NT,8/18/1990,4500000
Austin Corbett,Los Angeles Rams,G,9/5/1995,821745
Sterling Shepard,New York Giants,WR,2/10/1994,1260623
Brandon Brooks,Philadelphia Eagles,G,8/19/1989,8000000
Ramon Foster,Pittsburgh Steelers,G,1/7/1986,1100000
La'el Collins,Dallas Cowboys,OT,7/26/1993,6516750
Bruce Irvin,Carolina Panthers,OLB,1/11/1990,1250000
Michael Thomas,New York Giants,SS,3/17/1989,1900000
Kendall Sheffield,Atlanta Falcons,CB,5/30/1996,495000
Adrian Phillips,Los Angeles Chargers,SS,1/6/1990,1500000
Nate Solder,New York Giants,OT,4/12/1988,12900000
Tony Pollard,Dallas Cowboys,RB,4/30/1997,495000
John Atkins,Detroit Lions,DT,12/21/1992,495000
Byron Cowart,New England Patriots,DT,5/20/1996,495000
Jaeden Graham,Atlanta Falcons,TE,10/10/1995,495000
Bruce Hector,Philadelphia Eagles,DT,10/7/1994,570000
Taylor Moton,Carolina Panthers,OT,8/18/1994,843014
Ameer Abdullah,Minnesota Vikings,RB,6/13/1993,720000
Christian Covington,Dallas Cowboys,DT,10/16/1993,1000000
Bryan Anger,Houston Texans,P,10/6/1988,930000
Amari Cooper,Dallas Cowboys,WR,6/17/1994,13924000
Armon Watts,Minnesota Vikings,NT,7/22/1996,670000
Brad Lundblade,New York Jets,C,9/21/1995,495000
Donovan Smith,Tampa Bay Buccaneers,OT,6/23/1993,7000000
Rasheem Green,Seattle Seahawks,OLB,5/15/1997,639000
Aviante Collins,Minnesota Vikings,OT,4/21/1993,645000
Andrew Beck,Denver Broncos,TE,5/15/1996,495000
Dan Feeney,Los Angeles Chargers,G,5/29/1994,793000
Al-Quadin Muhammad,Indianapolis Colts,DE,3/28/1995,645000
Patrick Onwuasor,Baltimore Ravens,OLB,8/22/1992,3095000
Daniel Jones,New York Giants,QB,5/27/1997,495000
Javien Elliott,Carolina Panthers,CB,7/18/1993,720000
Marvin Hall,Detroit Lions,WR,4/10/1993,645000
Brandon Copeland,New York Jets,OLB,7/2/1991,1500000
Greg Mancz,Houston Texans,C,4/23/1992,1500000
Tre Boston,Carolina Panthers,FS,6/25/1992,1125000
Trent Murphy,Buffalo Bills,DE,12/22/1990,5800000
Todd Davis,Denver Broncos,ILB,5/17/1992,4000000
Rashard Higgins,Cleveland Browns,WR,10/7/1994,2025000
Samaje Perine,Cincinnati Bengals,RB,9/16/1995,645000
Levine Toilolo,San Francisco 49Ers,TE,7/31/1991,805000
Adrian Clayborn,Atlanta Falcons,DE,6/20/1988,930000
Antony Auclair,Tampa Bay Buccaneers,TE,5/28/1993,645000
Daniel Kilgore,Miami Dolphins,C,12/18/1987,2225000
Christian Wilkins,Miami Dolphins,DE,12/20/1995,495000
Joejuan Williams,New England Patriots,CB,12/6/1997,495000
Dylan Cole,Houston Texans,OLB,5/19/1994,645000
Joe Thomas,Dallas Cowboys,OLB,6/4/1992,1750000
Tyler Eifert,Cincinnati Bengals,TE,9/8/1990,1000000
Cassanova McKinzy,Washington Redskins,OLB,11/17/1992,570000
Matt Dickerson,Tennessee Titans,DE,11/9/1995,570000
Myles Gaskin,Miami Dolphins,RB,2/15/1997,495000
Leon Jacobs,Jacksonville Jaguars,OLB,10/3/1995,570000
Zach Gentry,Pittsburgh Steelers,TE,9/10/1996,715000
Miles Killebrew,Detroit Lions,FS,5/10/1993,720000
Max Garcia,Arizona Cardinals,G,11/9/1991,1100000
Nick Foles,Jacksonville Jaguars,QB,1/20/1989,5000000
Pharaoh Brown,Cleveland Browns,TE,5/4/1994,570000
Damontae Kazee,Atlanta Falcons,SS,6/5/1993,645000
Laurent Duvernay-Tardif,Kansas City Chiefs,G,2/11/1991,6203000
Danny Johnson,Washington Redskins,CB,11/17/1995,570000
Will Harris,Detroit Lions,SS,12/19/1998,495000
Brandon Linder,Jacksonville Jaguars,C,1/25/1992,5500000
Devante Downs,New York Giants,OLB,10/18/1995,570000
Anthony Harris,Minnesota Vikings,FS,10/9/1991,3095000
Darren Sproles,Philadelphia Eagles,RB,6/20/1983,1030000
Erik Harris,Oakland Raiders,SS,4/2/1990,1275000
Jack Conklin,Tennessee Titans,OT,8/17/1994,2617862
Tramaine Brock,Tennessee Titans,CB,8/20/1988,1000000
Keith Smith,Atlanta Falcons,FB,4/8/1992,1400000
Johnathan Hankins,Oakland Raiders,DT,1/1/1992,1000000
Nick Kwiatkoski,Chicago Bears,ILB,5/26/1993,2025000
Avery Moss,Miami Dolphins,DE,9/16/1994,570000
Jordan Richards,Baltimore Ravens,FS,1/21/1993,805000
Jimmy Smith,Baltimore Ravens,CB,7/26/1988,9500000
Briean Boddy-Calhoun,Indianapolis Colts,CB,1/21/1993,720000
Maurkice Pouncey,Pittsburgh Steelers,C,7/24/1989,1000000
Marcell Dareus,Jacksonville Jaguars,DT,11/18/1989,2835000
Nasir Adderley,Los Angeles Chargers,FS,5/31/1997,495000
Tyson Alualu,Pittsburgh Steelers,DE,5/12/1987,1250000
Cody Ford,Buffalo Bills,OT,12/28/1996,495000
Bilal Powell,New York Jets,RB,10/4/1988,930000
Sam Acho,Tampa Bay Buccaneers,OLB,9/6/1988,930000
Patrick Mekari,Baltimore Ravens,C,8/13/1997,495000
Marcell Harris,San Francisco 49Ers,SS,6/9/1994,570000
Mason Cole,Arizona Cardinals,C,3/28/1996,570000
Rashad Fenton,Kansas City Chiefs,CB,2/17/1997,495000
Justin Houston,Indianapolis Colts,DE,1/12/1989,1000000
Isaiah Oliver,Atlanta Falcons,CB,9/30/1996,690757
Josh Gordon,Seattle Seahawks,WR,4/13/1991,2025000
Elandon Roberts,New England Patriots,LB,4/22/1994,2025000
Tarell Basham,New York Jets,OLB,3/18/1994,687500
Cyril Grayson,Tampa Bay Buccaneers,WR,12/5/1993,495000
E.J. Speed,Indianapolis Colts,OLB,6/1/1995,700000
Kerry Wynn,Cincinnati Bengals,DE,2/12/1991,900000
Jarvis Landry,Cleveland Browns,WR,11/28/1992,12500000
Ndamukong Suh,Tampa Bay Buccaneers,DE,1/6/1987,5250000
Deante Burton,Dallas Cowboys,WR,7/12/1994,570000
Jayron Kearse,Minnesota Vikings,FS,2/11/1994,720000
Chris Jones,Dallas Cowboys,P,7/21/1989,1800000
Duron Harmon,New England Patriots,FS,1/24/1991,2500000
Weston Richburg,San Francisco 49Ers,C,7/9/1991,5500000
Cameron Smith,Minnesota Vikings,ILB,3/26/1997,702500
Nick Bellore,Seattle Seahawks,RB,4/23/1989,930000
Gehrig Dieter,Kansas City Chiefs,WR,2/24/1993,570000
Steve Longa,Detroit Lions,OLB,9/29/1994,570000
Deebo Samuel,San Francisco 49Ers,WR,1/15/1996,495000
James Bradberry,Carolina Panthers,CB,8/4/1993,940114
Chris Lacy,Detroit Lions,WR,1/28/1996,495000
Joseph Jones,Denver Broncos,ILB,2/21/1994,645000
Rock Ya-Sin,Indianapolis Colts,CB,5/23/1996,495000
Ted Larsen,Chicago Bears,G,6/13/1987,930000
Montae Nicholson,Washington Redskins,FS,12/4/1995,645000
Jonathan Owens,Houston Texans,FS,7/22/1995,495000
Dru Samia,Minnesota Vikings,G,8/22/1997,812500
Josh McCown,Philadelphia Eagles,QB,7/4/1979,2000000
Albert McClellan,New York Jets,ILB,6/4/1986,805000
Malik Turner,Seattle Seahawks,WR,1/30/1996,570000
Lucas Patrick,Green Bay Packers,G,7/30/1993,645000
Ricardo Allen,Atlanta Falcons,FS,12/18/1991,3500000
Dont'a Hightower,New England Patriots,LB,3/12/1990,7000000
Bennett Jackson,New York Jets,FS,9/16/1991,495000
Shaq Calhoun,Miami Dolphins,G,2/20/1996,495000
Artie Burns,Pittsburgh Steelers,CB,5/1/1995,1757861
Davon Godchaux,Miami Dolphins,NT,11/11/1994,645000
Kenny Young,Los Angeles Rams,ILB,11/15/1994,570000
Justin Skule,San Francisco 49Ers,OT,11/23/1996,672500
Lance Kendricks,Los Angeles Chargers,TE,1/30/1988,930000
Vernon Hargreaves,Houston Texans,CB,6/3/1995,2383317
Cullen Gillaspia,Houston Texans,RB,6/6/1995,495000
Justin Coleman,Detroit Lions,CB,3/27/1993,805000
Jacoby Brissett,Indianapolis Colts,QB,12/11/1992,2000000
Shareef Miller,Philadelphia Eagles,DE,3/14/1997,495000
Maurice Canady,New York Jets,CB,5/26/1994,720000
Dakota Dozier,Minnesota Vikings,G,4/30/1991,805000
Noah Fant,Denver Broncos,TE,11/20/1997,495000
Trae Waynes,Minnesota Vikings,CB,7/25/1992,9069000
Deshazor Everett,Washington Redskins,SS,2/22/1992,1225000
T.Y. Hilton,Indianapolis Colts,WR,11/14/1989,13000000
Jaylen Watkins,Los Angeles Chargers,FS,11/27/1992,805000
Antwaun Woods,Dallas Cowboys,DT,1/3/1993,570000
Larry Ogunjobi,Cleveland Browns,DT,6/3/1994,820200
Jerald Hawkins,Tampa Bay Buccaneers,OT,10/16/1993,720000
Alex Redmond,Cincinnati Bengals,G,1/18/1995,493236
David Moore,Seattle Seahawks,WR,1/15/1995,645000
Rodney McLeod,Philadelphia Eagles,FS,6/23/1990,1500000
Evan Baylis,Green Bay Packers,TE,11/18/1993,495000
Isaac Rochell,Los Angeles Chargers,DE,4/22/1995,645000
Jamie Collins,New England Patriots,LB,5/2/1990,900000
Miles Boykin,Baltimore Ravens,WR,10/12/1996,495000
Joe Jackson,Dallas Cowboys,DE,12/20/1996,495000
Chris Peace,New York Giants,OLB,2/8/1996,495000
Quinton Dunbar,Washington Redskins,CB,7/22/1992,3000000
Keishawn Bierria,Arizona Cardinals,OLB,7/26/1995,570000
Shilique Calhoun,New England Patriots,LB,3/20/1992,720000
Corey Bojorquez,Buffalo Bills,P,9/13/1996,570000
John Ursua,Seattle Seahawks,WR,1/17/1994,495000
Walt Aikens,Miami Dolphins,FS,6/19/1991,1400000
Justin Tucker,Baltimore Ravens,K,11/21/1989,1000000
Calais Campbell,Jacksonville Jaguars,DE,9/1/1986,12000000
Krishawn Hogan,New Orleans Saints,WR,5/12/1995,495000
Tevin Jones,Dallas Cowboys,WR,12/26/1992,495000
Derrick Nnadi,Kansas City Chiefs,DT,5/9/1996,601500
John Simon,New England Patriots,DE,10/14/1990,900000
Star Lotulelei,Buffalo Bills,DT,12/20/1989,7150000
Austin Hooper,Atlanta Falcons,TE,10/29/1994,2025000
Jack Crawford,Atlanta Falcons,DT,9/7/1988,2550000
Demarcus Robinson,Kansas City Chiefs,WR,9/21/1994,2015500
Chris Harris,Denver Broncos,CB,6/18/1989,7800000
Kelvin Harmon,Washington Redskins,WR,12/15/1996,495000
Myles Garrett,Cleveland Browns,DE,12/29/1995,3229750
Johnathan Joseph,Houston Texans,CB,4/16/1984,2900000
Shalom Luani,Houston Texans,SS,8/5/1994,645000
Tim Boyle,Green Bay Packers,QB,10/3/1994,570000
John Wetzel,Atlanta Falcons,G,7/18/1991,720000
Devontae Booker,Denver Broncos,RB,5/27/1992,720000
Kenny Wiggins,Detroit Lions,G,8/8/1988,2500000
Taron Johnson,Buffalo Bills,CB,7/27/1996,570000
Tramon Williams,Green Bay Packers,CB,3/16/1983,3250000
Stephen Anderson,Los Angeles Chargers,TE,1/30/1993,645000
Byron Pringle,Kansas City Chiefs,WR,11/17/1993,495000
Maurice Hurst,Oakland Raiders,DT,5/9/1995,570000
Blake Bortles,Los Angeles Rams,QB,12/16/1991,1000000
Andrew Sendejo,Minnesota Vikings,SS,9/9/1987,930000
Darian Thompson,Dallas Cowboys,SS,9/22/1993,720000
Jason Peters,Philadelphia Eagles,OT,1/22/1982,3500000
Cyrus Jones,Denver Broncos,CB,11/29/1993,996000
Derek Carr,Oakland Raiders,QB,3/28/1991,19900000
Wes Martin,Washington Redskins,G,5/9/1996,495000
Jimmy Moreland,Washington Redskins,CB,8/26/1995,495000
Joe Looney,Dallas Cowboys,C,8/31/1990,1000000
Rashod Hill,Minnesota Vikings,OT,1/12/1992,2025000
Cody Whitehair,Chicago Bears,C,7/11/1992,1026077
Tahir Whitehead,Oakland Raiders,OLB,4/2/1990,2950000
Tarvarius Moore,San Francisco 49Ers,FS,8/16/1996,603000
Ryan Anderson,Washington Redskins,OLB,8/12/1994,949066
Nsimba Webster,Los Angeles Rams,WR,1/27/1996,495000
Drew Lock,Denver Broncos,QB,11/10/1996,495000
Lawrence Guy,New England Patriots,DE,3/17/1990,2400000
Deandre Houston-Carson,Chicago Bears,SS,4/13/1993,720000
Eric Tomlinson,Oakland Raiders,TE,4/22/1992,750000
Jaylon Smith,Dallas Cowboys,ILB,6/14/1995,1335678
Cody Latimer,New York Giants,WR,10/10/1992,925000
Jimmie Ward,San Francisco 49Ers,FS,7/18/1991,2000000
Keke Coutee,Houston Texans,WR,1/14/1997,570000
Larry Fitzgerald,Arizona Cardinals,WR,8/31/1983,11000000
Christian McCaffrey,Carolina Panthers,RB,6/7/1996,2032390
Carson Wentz,Philadelphia Eagles,QB,12/30/1992,720000
Jason McCourty,New England Patriots,CB,8/13/1987,2000000
Rodney Gunter,Arizona Cardinals,DE,1/19/1992,1000000
P.J. Hall,Oakland Raiders,DT,4/5/1995,693830
Kyle Wilber,Oakland Raiders,OLB,4/26/1989,1150000
Carl Davis,Jacksonville Jaguars,DT,3/2/1992,1500000
Timmy Jernigan,Philadelphia Eagles,DT,9/24/1992,1000000
Andrus Peat,New Orleans Saints,G,11/4/1993,9625000
Brian Hoyer,Indianapolis Colts,QB,10/13/1985,2800000
Wes Schweitzer,Atlanta Falcons,C,9/11/1993,2025000
Zach Fulton,Houston Texans,G,9/23/1991,6500000
Josh Allen,Buffalo Bills,QB,5/21/1996,570000
Chris Board,Baltimore Ravens,ILB,7/23/1995,570000
Michael Jackson,Detroit Lions,CB,1/10/1997,495000
Fred Brown,Denver Broncos,WR,12/1/1993,495000
Duke Johnson,Houston Texans,RB,9/23/1993,1800000
Jonnu Smith,Tennessee Titans,TE,8/22/1995,669000
Al Woods,Seattle Seahawks,DT,5/25/1987,1250000
Chandon Sullivan,Green Bay Packers,CB,8/7/1996,570000
Ja'Wuan James,Denver Broncos,OT,6/3/1992,5000000
Benson Mayowa,Oakland Raiders,DE,8/3/1991,805000
Samson Ebukam,Los Angeles Rams,OLB,5/9/1995,645000
Arden Key,Oakland Raiders,DE,5/3/1996,624250
Tyrann Mathieu,Kansas City Chiefs,SS,5/13/1992,850000
Juan Thornhill,Kansas City Chiefs,FS,10/19/1995,495000
Khalen Saunders,Kansas City Chiefs,NT,8/9/1996,495000
Miles Sanders,Philadelphia Eagles,RB,5/1/1997,495000
Darren Fells,Houston Texans,TE,4/22/1986,900000
Josh Jacobs,Oakland Raiders,RB,2/11/1998,495000
Deshon Elliott,Baltimore Ravens,FS,4/21/1997,570000
Shaun Dion Hamilton,Washington Redskins,ILB,9/11/1995,570000
Tavierre Thomas,Cleveland Browns,CB,3/11/1996,570000
Derek Watt,Los Angeles Chargers,FB,11/7/1992,720000
Austin Seibert,Cleveland Browns,K,11/15/1996,495000
Hunter Bradley,Green Bay Packers,LS,5/21/1994,570000
Treyvon Hester,Washington Redskins,DE,9/21/1992,645000
Earl Thomas,Baltimore Ravens,FS,5/7/1989,2000000
Demone Harris,Kansas City Chiefs,DE,12/30/1995,570000
Jalen Richard,Oakland Raiders,RB,10/15/1993,3095000
Devin White,Tampa Bay Buccaneers,ILB,2/17/1998,495000
Tony McRae,Cincinnati Bengals,CB,5/3/1993,645000
Reggie Gilbert,Tennessee Titans,OLB,4/1/1993,570000
Chris Hogan,Carolina Panthers,WR,10/24/1988,825000
James Develin,New England Patriots,FB,7/23/1988,1000000
Orlando Brown,Baltimore Ravens,OT,5/2/1996,627000
Vonn Bell,New Orleans Saints,SS,12/12/1994,991677
Justin Ellis,Baltimore Ravens,DT,12/27/1990,2250000
Quenton Nelson,Indianapolis Colts,G,3/19/1996,570000
Jordan Thomas,Houston Texans,TE,8/2/1996,570000
Chris Moore,Baltimore Ravens,WR,6/16/1993,720000
Cordy Glenn,Cincinnati Bengals,OT,9/18/1989,7250000
Braxton Berrios,New York Jets,WR,10/6/1995,495000
Andrew Wylie,Kansas City Chiefs,G,8/19/1994,570000
Darius Phillips,Cincinnati Bengals,CB,6/26/1996,570000
Marlon Humphrey,Baltimore Ravens,CB,7/8/1996,1542044
Jakobi Meyers,New England Patriots,WR,11/9/1996,495000
Trey Hendrickson,New Orleans Saints,DE,12/5/1994,668000
Sheldon Rankins,New Orleans Saints,DT,4/2/1994,2195680
Robby Anderson,New York Jets,WR,5/9/1993,3095000
Duane Brown,Seattle Seahawks,OT,8/30/1985,8000000
Diontae Johnson,Pittsburgh Steelers,WR,7/5/1996,495000
Dre'mont Jones,Denver Broncos,DE,1/5/1997,495000
Ryan Neal,Seattle Seahawks,SS,12/24/1995,570000
Clive Walford,Miami Dolphins,TE,8/12/1995,720000
Jaylon Ferguson,Baltimore Ravens,OLB,12/14/1995,495000
Chris Odom,Washington Redskins,OLB,9/16/1994,570000
Danny Shelton,New England Patriots,DT,8/20/1993,805000
Corey Ballentine,New York Giants,DB,4/13/1996,495000
Nate Davis,Tennessee Titans,G,9/23/1996,495000
Zach Wood,New Orleans Saints,DE,1/10/1993,645000
Isaiah McKenzie,Buffalo Bills,WR,4/9/1995,645000
Patrick Scales,Chicago Bears,LS,2/11/1988,720000
Ryan Finley,Cincinnati Bengals,QB,12/26/1994,495000
Stephen Weatherly,Minnesota Vikings,DE,3/19/1994,720000
Kenny Moore,Indianapolis Colts,CB,8/23/1995,645000
Patrick Chung,New England Patriots,FS,8/19/1987,1900000
Kevin Huber,Cincinnati Bengals,P,7/16/1985,2350000
Emmanuel Sanders,San Francisco 49Ers,WR,3/17/1987,10250000
Geronimo Allison,Green Bay Packers,WR,1/18/1994,1450000
Sam Martin,Detroit Lions,P,2/27/1990,2400000
Albert Wilson,Miami Dolphins,WR,7/12/1992,6975000
Brian Poole,New York Jets,CB,10/20/1992,1000000
Sione Takitaki,Cleveland Browns,ILB,6/8/1995,495000
Chris Hubbard,Cleveland Browns,OT,4/23/1991,6150000
Tanner Vallejo,Arizona Cardinals,ILB,12/16/1994,645000
Steve McLendon,New York Jets,NT,1/3/1986,1500000
Nick Vigil,Cincinnati Bengals,OLB,8/20/1993,2000000
Mason Rudolph,Pittsburgh Steelers,QB,7/17/1995,658267
Andrew Van Ginkel,Miami Dolphins,OLB,7/1/1995,495000
Deandre Baker,New York Giants,CB,9/4/1997,495000
Sheldon Day,San Francisco 49Ers,DT,7/1/1994,720000
LeSean McCoy,Kansas City Chiefs,RB,7/12/1988,6175000
Ryan Nall,Chicago Bears,RB,12/27/1995,495000
Justin Reid,Houston Texans,FS,2/15/1997,664979
Darian Stewart,Tampa Bay Buccaneers,FS,8/4/1988,930000
Trevor Davis,Miami Dolphins,WR,7/4/1993,720000
Mitch Wishnowsky,San Francisco 49Ers,P,3/2/1992,495000
Jordan Phillips,Buffalo Bills,DT,9/21/1992,2250000
Parry Nickerson,Jacksonville Jaguars,CB,10/11/1994,570000
Trayvon Mullen,Oakland Raiders,CB,9/20/1997,495000
Cornelius Lucas,Chicago Bears,OT,7/18/1991,805000
Patrick Robinson,New Orleans Saints,CB,9/7/1987,4000000
Troy Hill,Los Angeles Rams,CB,8/29/1991,2025000
Michael Palardy,Carolina Panthers,K,7/6/1992,800000
Travis Homer,Seattle Seahawks,RB,8/7/1998,495000
Patrick Laird,Miami Dolphins,RB,8/17/1995,495000
Charles Washington,Arizona Cardinals,FS,3/10/1993,645000
Kurt Coleman,Buffalo Bills,FS,7/1/1988,930000
Kyle Phillips,New York Jets,DE,5/5/1997,495000
Ugochukwu Amadi,Seattle Seahawks,CB,5/16/1997,495000
Maxx Williams,Arizona Cardinals,TE,4/12/1994,805000
Ronald Leary,Denver Broncos,G,4/29/1989,8150000
Grady Jarrett,Atlanta Falcons,DT,4/28/1993,15209000
Rico Gafford,Oakland Raiders,WR,5/23/1996,495000
Charvarius Ward,Kansas City Chiefs,CB,5/16/1996,570000
Brian Winters,New York Jets,G,7/10/1991,6000000
Arik Armstead,San Francisco 49Ers,DE,11/15/1993,9046000
Preston Smith,Green Bay Packers,OLB,8/22/1995,850000
Lavonte David,Tampa Bay Buccaneers,ILB,1/23/1990,9750000
Kyle Fuller,Chicago Bears,CB,2/16/1992,1000000
Ryan Glasgow,Cincinnati Bengals,DT,9/30/1993,645000
Darnell Savage,Green Bay Packers,SS,7/30/1997,3120000
Vince Biegel,Miami Dolphins,LB,7/2/1993,645000
Robert Foster,Buffalo Bills,WR,5/7/1994,570000
Tyler Lockett,Seattle Seahawks,WR,10/28/1992,3907000
Jalyn Holmes,Minnesota Vikings,DT,1/25/1996,570000
Roosevelt Nix,Pittsburgh Steelers,RB,3/30/1992,1250000
Demar Dotson,Tampa Bay Buccaneers,OT,10/11/1985,3975000
Sam Darnold,New York Jets,QB,6/5/1997,570000
James Conner,Pittsburgh Steelers,RB,5/5/1995,668000
Justin McCray,Cleveland Browns,OT,5/31/1992,645000
Casey Hayward,Los Angeles Chargers,CB,9/9/1989,8000000
Torry McTyer,Cincinnati Bengals,CB,4/10/1995,645000
Taysom Hill,New Orleans Saints,QB,8/23/1990,645000
Bobby McCain,Miami Dolphins,FS,8/18/1993,5600000
Lee Smith,Buffalo Bills,TE,11/21/1987,1900000
Abdullah Anderson,Chicago Bears,DE,1/24/1996,495000
Joe Haeg,Indianapolis Colts,G,3/11/1993,2025000
Solomon Thomas,San Francisco 49Ers,DT,12/20/1995,645000
Jon Feliciano,Buffalo Bills,G,2/10/1992,2400000
Josh Sweat,Philadelphia Eagles,DE,3/29/1997,570000
Quentin Poling,Atlanta Falcons,OLB,8/17/1994,495000
Wyatt Teller,Cleveland Browns,G,11/21/1994,570000
Buster Skrine,Chicago Bears,CB,4/26/1989,2250000
Leshaun Sims,Tennessee Titans,CB,9/18/1993,720000
Daniel Sorensen,Kansas City Chiefs,FS,3/5/1990,3600000
Jeremy Reaves,Washington Redskins,SS,8/29/1996,495000
Kevin Toliver,Chicago Bears,CB,11/24/1995,570000
Isaiah Johnson,Oakland Raiders,CB,12/20/1995,792500
Jordan Mills,Arizona Cardinals,OT,12/24/1990,1700000
Carl Nassib,Tampa Bay Buccaneers,OLB,4/12/1993,2025000
Jalen Mills,Philadelphia Eagles,CB,4/6/1994,2025000
David Montgomery,Chicago Bears,RB,6/7/1997,495000
Renell Wren,Cincinnati Bengals,DT,10/23/1995,495000
Ty Summers,Green Bay Packers,ILB,12/31/1995,652500
Dawson Knox,Buffalo Bills,TE,11/14/1996,495000
Evan Brown,Miami Dolphins,C,9/16/1996,570000
Eric Fisher,Kansas City Chiefs,OT,1/5/1991,10350000
Ronnie Harrison,Jacksonville Jaguars,SS,4/18/1997,617500
Taywan Taylor,Cleveland Browns,WR,3/2/1995,773500
Donte Jackson,Carolina Panthers,CB,11/8/1995,698751
Zach Cunningham,Houston Texans,OLB,12/12/1994,871522
Wendell Smallwood,Washington Redskins,RB,1/29/1994,720000
Aaron Jones,Green Bay Packers,RB,12/2/1994,645000
Matthias Farley,New York Jets,FS,7/15/1992,3095000
Travin Howard,Los Angeles Rams,ILB,5/10/1996,495000
Nick Bosa,San Francisco 49Ers,DE,10/23/1997,495000
Anthony Miller,Chicago Bears,WR,10/9/1994,723350
Alex Ellis,Philadelphia Eagles,TE,2/10/1993,645000
James Ferentz,New England Patriots,G,6/5/1989,720000
Carlton Davis,Tampa Bay Buccaneers,CB,12/31/1996,679687
Chris Godwin,Tampa Bay Buccaneers,WR,2/27/1996,677000
Harrison Butker,Kansas City Chiefs,K,7/14/1995,645000
Isaac Yiadom,Denver Broncos,CB,2/20/1996,570000
David Bakhtiari,Green Bay Packers,OT,9/30/1991,8500000
Michael Deiter,Miami Dolphins,G,9/3/1996,495000
Sam Koch,Baltimore Ravens,P,8/13/1982,3150000
Matt Prater,Detroit Lions,K,8/10/1984,2200000
Daesean Hamilton,Denver Broncos,WR,3/10/1995,570000
Devon Kennard,Detroit Lions,OLB,6/24/1991,3500000
Desmond Trufant,Atlanta Falcons,CB,9/10/1990,9500000
Arthur Maulet,New York Jets,CB,7/13/1993,645000
Akiem Hicks,Chicago Bears,DT,11/16/1989,8000000
Jarrett Stidham,New England Patriots,QB,8/8/1996,495000
Tyeler Davison,Atlanta Falcons,DT,9/23/1992,805000
Ali Marpet,Tampa Bay Buccaneers,G,4/17/1993,3125000
Duke Riley,Philadelphia Eagles,OLB,8/9/1994,726500
Daniel Brown,New York Jets,TE,5/26/1992,805000
David Quessenberry,Tennessee Titans,OT,8/24/1990,495000
Tyquan Lewis,Indianapolis Colts,DT,1/30/1995,678457
Ross Travis,Indianapolis Colts,TE,1/9/1993,645000
Emeke Egbule,Los Angeles Chargers,OLB,10/13/1996,495000
Jordan Matthews,San Francisco 49Ers,WR,7/16/1992,1000000
Tyrod Taylor,Los Angeles Chargers,QB,8/3/1989,1000000
Justin Jones,Los Angeles Chargers,DT,8/28/1996,621481
Bradley Sowell,Chicago Bears,TE,6/6/1989,1450000
Tremaine Edmunds,Buffalo Bills,ILB,5/2/1998,1055434
Rontez Miles,New York Jets,SS,11/25/1988,1907000
Charles Leno,Chicago Bears,OT,10/9/1991,7900000
Lamarcus Joyner,Oakland Raiders,FS,11/27/1990,4700000
Justin Hardee,New Orleans Saints,WR,2/7/1994,645000
Derek Carrier,Oakland Raiders,TE,7/25/1990,1600000
Dion Lewis,Tennessee Titans,RB,9/27/1990,4000000
Logan Thomas,Detroit Lions,TE,7/1/1992,805000
Stefen Wisniewski,Kansas City Chiefs,G,3/22/1989,1250000
Jordan Poyer,Buffalo Bills,SS,4/25/1991,2950000
Ben Burr-Kirven,Seattle Seahawks,OLB,9/8/1997,495000
Frank Gore,Buffalo Bills,RB,5/14/1983,1250000
Germaine Pratt,Cincinnati Bengals,ILB,5/21/1996,495000
N'Keal Harry,New England Patriots,WR,12/17/1997,495000
Andy Isabella,Arizona Cardinals,WR,11/18/1996,495000
Irv Smith Jr.,Minnesota Vikings,TE,8/9/1998,1447500
Kevin Minter,Tampa Bay Buccaneers,ILB,12/3/1990,805000
Marshon Lattimore,New Orleans Saints,CB,5/19/1996,1861324
Chandler Jones,Arizona Cardinals,OLB,2/27/1990,16500000
Billy Price,Cincinnati Bengals,C,10/12/1995,1012386
Rashan Gary,Green Bay Packers,OLB,12/3/1997,3950000
Trayvon Henderson,Cincinnati Bengals,FS,8/15/1995,495000
Trey Flowers,Detroit Lions,DE,8/16/1993,805000
Johnny Holton,Pittsburgh Steelers,WR,8/22/1991,645000
Jason Myers,Seattle Seahawks,K,5/12/1991,1500000
Josh Wells,Tampa Bay Buccaneers,OT,2/14/1991,805000
Nigel Bradham,Philadelphia Eagles,ILB,9/4/1989,930000
Spencer Long,Buffalo Bills,G,11/8/1990,1350000
Patrick Ricard,Baltimore Ravens,FB,5/27/1994,645000
Adam Gotsis,Denver Broncos,DE,9/23/1992,986987
Demarcus Walker,Denver Broncos,NT,9/30/1994,926260
Mike Hughes,Minnesota Vikings,CB,2/11/1997,928522
Cameron Fleming,Dallas Cowboys,OT,9/3/1992,1000000
Nathan Shepherd,New York Jets,DE,10/9/1993,656000
Anthony Hitchens,Kansas City Chiefs,LB,6/10/1992,6500000
David Johnson,Arizona Cardinals,RB,12/16/1991,5700000
James Carpenter,Atlanta Falcons,G,3/22/1989,2000000
Robert Quinn,Dallas Cowboys,DE,5/18/1990,6000000
Kelvin Beachum,New York Jets,OT,6/8/1989,8000000
Nate Orchard,Washington Redskins,DE,1/5/1993,805000
Joe Schobert,Cleveland Browns,ILB,11/6/1993,2025000
Ryan Izzo,New England Patriots,TE,12/21/1995,495000
Sean Culkin,Los Angeles Chargers,TE,6/11/1993,645000
Isaac Seumalo,Philadelphia Eagles,G,10/29/1993,749000
MyCole Pruitt,Tennessee Titans,TE,3/24/1992,720000
Javorius Allen,New York Giants,RB,8/27/1991,805000
Mark Ingram,Baltimore Ravens,RB,12/21/1989,2000000
Ronald Blair,San Francisco 49Ers,DE,1/21/1993,720000
Tanoh Kpassagnon,Kansas City Chiefs,DE,6/14/1994,832838
Jahlani Tavai,Detroit Lions,ILB,9/28/1996,495000
Donald Payne,Jacksonville Jaguars,ILB,7/12/1994,645000
Zaire Franklin,Indianapolis Colts,OLB,7/2/1996,570000
Carlos Dunlap,Cincinnati Bengals,DE,2/28/1989,3100000
J.C. Jackson,New England Patriots,CB,11/17/1995,570000
Jaleel Johnson,Minnesota Vikings,NT,7/12/1994,645000
Darron Lee,Kansas City Chiefs,LB,10/18/1994,1843861
Tyler Conklin,Minnesota Vikings,TE,7/30/1995,570000
Matt Gay,Tampa Bay Buccaneers,K,3/15/1994,495000
Robert Spillane,Pittsburgh Steelers,ILB,12/14/1995,495000
Jake Rodgers,Denver Broncos,OT,9/10/1991,495000
Ja'whaun Bentley,New England Patriots,LB,8/24/1996,570000
Geron Christian,Washington Redskins,OT,9/10/1996,647000
Christian Blake,Atlanta Falcons,WR,6/8/1996,495000
Bradley Pinion,Tampa Bay Buccaneers,P,6/1/1994,805000
Jameis Winston,Tampa Bay Buccaneers,QB,1/6/1994,20922000
Conor McDermott,New York Jets,G,10/19/1992,645000
Greedy Williams,Cleveland Browns,CB,12/3/1997,495000
Jordan Roos,Seattle Seahawks,G,7/6/1993,570000
Doug Middleton,Jacksonville Jaguars,SS,9/23/1993,570000
Mike Thomas,Los Angeles Rams,WR,8/16/1994,720000
Benardrick McKinney,Houston Texans,ILB,6/1/1994,6000000
Tre Herndon,Jacksonville Jaguars,CB,3/5/1996,570000
James Hurst,Baltimore Ravens,OT,12/17/1991,3500000
Kenny Vaccaro,Tennessee Titans,SS,11/1/1990,1250000
Jordan Akins,Houston Texans,TE,4/19/1992,600000
Case Keenum,Washington Redskins,QB,2/17/1988,3500000
Kenjon Barner,Atlanta Falcons,RB,4/28/1989,805000
Ezekiel Ansah,Seattle Seahawks,OLB,5/29/1989,2500000
Aaron Stinnie,Tampa Bay Buccaneers,G,2/18/1994,570000
Alexander Mattison,Minnesota Vikings,RB,6/19/1998,495000
Dennis Kelly,Tennessee Titans,OT,1/16/1990,1350000
Richard Sherman,San Francisco 49Ers,CB,3/30/1988,7000000
Mark Andrews,Baltimore Ravens,TE,9/6/1996,624500
Jadeveon Clowney,Seattle Seahawks,DE,2/14/1993,15967200
Nick Nelson,Oakland Raiders,CB,10/16/1996,570000
Sidney Jones,Philadelphia Eagles,CB,5/23/1996,1023190
Bo Scarbrough,Detroit Lions,RB,9/29/1996,495000
Raekwon McMillan,Miami Dolphins,LB,11/17/1996,892049
Ryan Smith,Tampa Bay Buccaneers,CB,9/7/1993,2025000
Anthony Averett,Baltimore Ravens,CB,11/30/1994,570000
Cameron Johnston,Philadelphia Eagles,P,2/24/1992,570000
Bashaud Breeland,Kansas City Chiefs,CB,1/30/1992,805000
Craig James,Philadelphia Eagles,CB,4/29/1996,570000
Jonotthan Harrison,New York Jets,C,8/25/1991,1500000
Chuma Edoga,New York Jets,OT,5/25/1997,495000
Tajae Sharpe,Tennessee Titans,WR,12/23/1994,2025000